STATUS,200
MESSAGEID,M181000I
MESSAGE,Successfully completed
DATE,2026-07-13T14:21:02.663+09:00
PARAMETER,FORMAT,CSV
PARAMETER,LANG,EN
PARAMETER,DB,FM09
PARAMETER,STARTDATE,197001
PARAMETER,ENDDATE,202605
PARAMETER,STARTPOSITION,
NEXTPOSITION,
SERIES_CODE,NAME_OF_TIME_SERIES,UNIT,FREQUENCY,CATEGORY,LAST_UPDATE,SURVEY_DATES,VALUES
FX180110001,Nominal Effective Exchange Rate,CY 2020=100,MONTHLY,Effective Exchange Rate,20260623,197001,24.6
FX180110001,Nominal Effective Exchange Rate,CY 2020=100,MONTHLY,Effective Exchange Rate,20260623,197002,24.61
FX180110001,Nominal Effective Exchange Rate,CY 2020=100,MONTHLY,Effective Exchange Rate,20260623,197003,24.61
FX180110001,Nominal Effective Exchange Rate,CY 2020=100,MONTHLY,Effective Exchange Rate,20260623,197004,24.56
FX180110001,Nominal Effective Exchange Rate,CY 2020=100,MONTHLY,Effective Exchange Rate,20260623,197005,24.5
FX180110001,Nominal Effective Exchange Rate,CY 2020=100,MONTHLY,Effective Exchange Rate,20260623,197006,24.49
FX180110001,Nominal Effective Exchange Rate,CY 2020=100,MONTHLY,Effective Exchange Rate,20260623,197007,24.47
FX180110001,Nominal Effective Exchange Rate,CY 2020=100,MONTHLY,Effective Exchange Rate,20260623,197008,24.54
FX180110001,Nominal Effective Exchange Rate,CY 2020=100,MONTHLY,Effective Exchange Rate,20260623,197009,24.56
FX180110001,Nominal Effective Exchange Rate,CY 2020=100,MONTHLY,Effective Exchange Rate,20260623,197010,24.58
FX180110001,Nominal Effective Exchange Rate,CY 2020=100,MONTHLY,Effective Exchange Rate,20260623,197011,24.59
FX180110001,Nominal Effective Exchange Rate,CY 2020=100,MONTHLY,Effective Exchange Rate,20260623,197012,24.6
FX180110001,Nominal Effective Exchange Rate,CY 2020=100,MONTHLY,Effective Exchange Rate,20260623,197101,24.55
FX180110001,Nominal Effective Exchange Rate,CY 2020=100,MONTHLY,Effective Exchange Rate,20260623,197102,24.58
FX180110001,Nominal Effective Exchange Rate,CY 2020=100,MONTHLY,Effective Exchange Rate,20260623,197103,24.59
FX180110001,Nominal Effective Exchange Rate,CY 2020=100,MONTHLY,Effective Exchange Rate,20260623,197104,24.6
FX180110001,Nominal Effective Exchange Rate,CY 2020=100,MONTHLY,Effective Exchange Rate,20260623,197105,24.56
FX180110001,Nominal Effective Exchange Rate,CY 2020=100,MONTHLY,Effective Exchange Rate,20260623,197106,24.6
FX180110001,Nominal Effective Exchange Rate,CY 2020=100,MONTHLY,Effective Exchange Rate,20260623,197107,24.8
FX180110001,Nominal Effective Exchange Rate,CY 2020=100,MONTHLY,Effective Exchange Rate,20260623,197108,24.81
FX180110001,Nominal Effective Exchange Rate,CY 2020=100,MONTHLY,Effective Exchange Rate,20260623,197109,25.98
FX180110001,Nominal Effective Exchange Rate,CY 2020=100,MONTHLY,Effective Exchange Rate,20260623,197110,26.44
FX180110001,Nominal Effective Exchange Rate,CY 2020=100,MONTHLY,Effective Exchange Rate,20260623,197111,26.61
FX180110001,Nominal Effective Exchange Rate,CY 2020=100,MONTHLY,Effective Exchange Rate,20260623,197112,27.11
FX180110001,Nominal Effective Exchange Rate,CY 2020=100,MONTHLY,Effective Exchange Rate,20260623,197201,27.55
FX180110001,Nominal Effective Exchange Rate,CY 2020=100,MONTHLY,Effective Exchange Rate,20260623,197202,28.12
FX180110001,Nominal Effective Exchange Rate,CY 2020=100,MONTHLY,Effective Exchange Rate,20260623,197203,28.33
FX180110001,Nominal Effective Exchange Rate,CY 2020=100,MONTHLY,Effective Exchange Rate,20260623,197204,28.29
FX180110001,Nominal Effective Exchange Rate,CY 2020=100,MONTHLY,Effective Exchange Rate,20260623,197205,28.21
FX180110001,Nominal Effective Exchange Rate,CY 2020=100,MONTHLY,Effective Exchange Rate,20260623,197206,28.45
FX180110001,Nominal Effective Exchange Rate,CY 2020=100,MONTHLY,Effective Exchange Rate,20260623,197207,28.72
FX180110001,Nominal Effective Exchange Rate,CY 2020=100,MONTHLY,Effective Exchange Rate,20260623,197208,28.71
FX180110001,Nominal Effective Exchange Rate,CY 2020=100,MONTHLY,Effective Exchange Rate,20260623,197209,28.73
FX180110001,Nominal Effective Exchange Rate,CY 2020=100,MONTHLY,Effective Exchange Rate,20260623,197210,28.82
FX180110001,Nominal Effective Exchange Rate,CY 2020=100,MONTHLY,Effective Exchange Rate,20260623,197211,28.89
FX180110001,Nominal Effective Exchange Rate,CY 2020=100,MONTHLY,Effective Exchange Rate,20260623,197212,28.89
FX180110001,Nominal Effective Exchange Rate,CY 2020=100,MONTHLY,Effective Exchange Rate,20260623,197301,28.78
FX180110001,Nominal Effective Exchange Rate,CY 2020=100,MONTHLY,Effective Exchange Rate,20260623,197302,30.5
FX180110001,Nominal Effective Exchange Rate,CY 2020=100,MONTHLY,Effective Exchange Rate,20260623,197303,31.79
FX180110001,Nominal Effective Exchange Rate,CY 2020=100,MONTHLY,Effective Exchange Rate,20260623,197304,31.43
FX180110001,Nominal Effective Exchange Rate,CY 2020=100,MONTHLY,Effective Exchange Rate,20260623,197305,31.36
FX180110001,Nominal Effective Exchange Rate,CY 2020=100,MONTHLY,Effective Exchange Rate,20260623,197306,30.87
FX180110001,Nominal Effective Exchange Rate,CY 2020=100,MONTHLY,Effective Exchange Rate,20260623,197307,30.39
FX180110001,Nominal Effective Exchange Rate,CY 2020=100,MONTHLY,Effective Exchange Rate,20260623,197308,30.67
FX180110001,Nominal Effective Exchange Rate,CY 2020=100,MONTHLY,Effective Exchange Rate,20260623,197309,30.67
FX180110001,Nominal Effective Exchange Rate,CY 2020=100,MONTHLY,Effective Exchange Rate,20260623,197310,30.46
FX180110001,Nominal Effective Exchange Rate,CY 2020=100,MONTHLY,Effective Exchange Rate,20260623,197311,29.65
FX180110001,Nominal Effective Exchange Rate,CY 2020=100,MONTHLY,Effective Exchange Rate,20260623,197312,29.79
FX180110001,Nominal Effective Exchange Rate,CY 2020=100,MONTHLY,Effective Exchange Rate,20260623,197401,28.6
FX180110001,Nominal Effective Exchange Rate,CY 2020=100,MONTHLY,Effective Exchange Rate,20260623,197402,29.01
FX180110001,Nominal Effective Exchange Rate,CY 2020=100,MONTHLY,Effective Exchange Rate,20260623,197403,29.6
FX180110001,Nominal Effective Exchange Rate,CY 2020=100,MONTHLY,Effective Exchange Rate,20260623,197404,29.85
FX180110001,Nominal Effective Exchange Rate,CY 2020=100,MONTHLY,Effective Exchange Rate,20260623,197405,29.52
FX180110001,Nominal Effective Exchange Rate,CY 2020=100,MONTHLY,Effective Exchange Rate,20260623,197406,29.29
FX180110001,Nominal Effective Exchange Rate,CY 2020=100,MONTHLY,Effective Exchange Rate,20260623,197407,28.48
FX180110001,Nominal Effective Exchange Rate,CY 2020=100,MONTHLY,Effective Exchange Rate,20260623,197408,27.57
FX180110001,Nominal Effective Exchange Rate,CY 2020=100,MONTHLY,Effective Exchange Rate,20260623,197409,28.02
FX180110001,Nominal Effective Exchange Rate,CY 2020=100,MONTHLY,Effective Exchange Rate,20260623,197410,27.89
FX180110001,Nominal Effective Exchange Rate,CY 2020=100,MONTHLY,Effective Exchange Rate,20260623,197411,27.63
FX180110001,Nominal Effective Exchange Rate,CY 2020=100,MONTHLY,Effective Exchange Rate,20260623,197412,27.76
FX180110001,Nominal Effective Exchange Rate,CY 2020=100,MONTHLY,Effective Exchange Rate,20260623,197501,27.61
FX180110001,Nominal Effective Exchange Rate,CY 2020=100,MONTHLY,Effective Exchange Rate,20260623,197502,28.18
FX180110001,Nominal Effective Exchange Rate,CY 2020=100,MONTHLY,Effective Exchange Rate,20260623,197503,28.42
FX180110001,Nominal Effective Exchange Rate,CY 2020=100,MONTHLY,Effective Exchange Rate,20260623,197504,28.24
FX180110001,Nominal Effective Exchange Rate,CY 2020=100,MONTHLY,Effective Exchange Rate,20260623,197505,28.25
FX180110001,Nominal Effective Exchange Rate,CY 2020=100,MONTHLY,Effective Exchange Rate,20260623,197506,28.13
FX180110001,Nominal Effective Exchange Rate,CY 2020=100,MONTHLY,Effective Exchange Rate,20260623,197507,28.41
FX180110001,Nominal Effective Exchange Rate,CY 2020=100,MONTHLY,Effective Exchange Rate,20260623,197508,28.68
FX180110001,Nominal Effective Exchange Rate,CY 2020=100,MONTHLY,Effective Exchange Rate,20260623,197509,28.69
FX180110001,Nominal Effective Exchange Rate,CY 2020=100,MONTHLY,Effective Exchange Rate,20260623,197510,28.4
FX180110001,Nominal Effective Exchange Rate,CY 2020=100,MONTHLY,Effective Exchange Rate,20260623,197511,28.37
FX180110001,Nominal Effective Exchange Rate,CY 2020=100,MONTHLY,Effective Exchange Rate,20260623,197512,28.2
FX180110001,Nominal Effective Exchange Rate,CY 2020=100,MONTHLY,Effective Exchange Rate,20260623,197601,28.27
FX180110001,Nominal Effective Exchange Rate,CY 2020=100,MONTHLY,Effective Exchange Rate,20260623,197602,28.59
FX180110001,Nominal Effective Exchange Rate,CY 2020=100,MONTHLY,Effective Exchange Rate,20260623,197603,28.92
FX180110001,Nominal Effective Exchange Rate,CY 2020=100,MONTHLY,Effective Exchange Rate,20260623,197604,29.24
FX180110001,Nominal Effective Exchange Rate,CY 2020=100,MONTHLY,Effective Exchange Rate,20260623,197605,29.32
FX180110001,Nominal Effective Exchange Rate,CY 2020=100,MONTHLY,Effective Exchange Rate,20260623,197606,29.4
FX180110001,Nominal Effective Exchange Rate,CY 2020=100,MONTHLY,Effective Exchange Rate,20260623,197607,29.82
FX180110001,Nominal Effective Exchange Rate,CY 2020=100,MONTHLY,Effective Exchange Rate,20260623,197608,30.2
FX180110001,Nominal Effective Exchange Rate,CY 2020=100,MONTHLY,Effective Exchange Rate,20260623,197609,30.55
FX180110001,Nominal Effective Exchange Rate,CY 2020=100,MONTHLY,Effective Exchange Rate,20260623,197610,30.21
FX180110001,Nominal Effective Exchange Rate,CY 2020=100,MONTHLY,Effective Exchange Rate,20260623,197611,29.79
FX180110001,Nominal Effective Exchange Rate,CY 2020=100,MONTHLY,Effective Exchange Rate,20260623,197612,29.83
FX180110001,Nominal Effective Exchange Rate,CY 2020=100,MONTHLY,Effective Exchange Rate,20260623,197701,30.16
FX180110001,Nominal Effective Exchange Rate,CY 2020=100,MONTHLY,Effective Exchange Rate,20260623,197702,30.86
FX180110001,Nominal Effective Exchange Rate,CY 2020=100,MONTHLY,Effective Exchange Rate,20260623,197703,31.35
FX180110001,Nominal Effective Exchange Rate,CY 2020=100,MONTHLY,Effective Exchange Rate,20260623,197704,31.87
FX180110001,Nominal Effective Exchange Rate,CY 2020=100,MONTHLY,Effective Exchange Rate,20260623,197705,31.61
FX180110001,Nominal Effective Exchange Rate,CY 2020=100,MONTHLY,Effective Exchange Rate,20260623,197706,32.15
FX180110001,Nominal Effective Exchange Rate,CY 2020=100,MONTHLY,Effective Exchange Rate,20260623,197707,32.93
FX180110001,Nominal Effective Exchange Rate,CY 2020=100,MONTHLY,Effective Exchange Rate,20260623,197708,32.76
FX180110001,Nominal Effective Exchange Rate,CY 2020=100,MONTHLY,Effective Exchange Rate,20260623,197709,32.8
FX180110001,Nominal Effective Exchange Rate,CY 2020=100,MONTHLY,Effective Exchange Rate,20260623,197710,34.16
FX180110001,Nominal Effective Exchange Rate,CY 2020=100,MONTHLY,Effective Exchange Rate,20260623,197711,35.41
FX180110001,Nominal Effective Exchange Rate,CY 2020=100,MONTHLY,Effective Exchange Rate,20260623,197712,35.55
FX180110001,Nominal Effective Exchange Rate,CY 2020=100,MONTHLY,Effective Exchange Rate,20260623,197801,35.23
FX180110001,Nominal Effective Exchange Rate,CY 2020=100,MONTHLY,Effective Exchange Rate,20260623,197802,35.24
FX180110001,Nominal Effective Exchange Rate,CY 2020=100,MONTHLY,Effective Exchange Rate,20260623,197803,36.41
FX180110001,Nominal Effective Exchange Rate,CY 2020=100,MONTHLY,Effective Exchange Rate,20260623,197804,38.18
FX180110001,Nominal Effective Exchange Rate,CY 2020=100,MONTHLY,Effective Exchange Rate,20260623,197805,37.73
FX180110001,Nominal Effective Exchange Rate,CY 2020=100,MONTHLY,Effective Exchange Rate,20260623,197806,39.61
FX180110001,Nominal Effective Exchange Rate,CY 2020=100,MONTHLY,Effective Exchange Rate,20260623,197807,42
FX180110001,Nominal Effective Exchange Rate,CY 2020=100,MONTHLY,Effective Exchange Rate,20260623,197808,43.99
FX180110001,Nominal Effective Exchange Rate,CY 2020=100,MONTHLY,Effective Exchange Rate,20260623,197809,43.58
FX180110001,Nominal Effective Exchange Rate,CY 2020=100,MONTHLY,Effective Exchange Rate,20260623,197810,44.3
FX180110001,Nominal Effective Exchange Rate,CY 2020=100,MONTHLY,Effective Exchange Rate,20260623,197811,42.96
FX180110001,Nominal Effective Exchange Rate,CY 2020=100,MONTHLY,Effective Exchange Rate,20260623,197812,41.95
FX180110001,Nominal Effective Exchange Rate,CY 2020=100,MONTHLY,Effective Exchange Rate,20260623,197901,41.42
FX180110001,Nominal Effective Exchange Rate,CY 2020=100,MONTHLY,Effective Exchange Rate,20260623,197902,40.87
FX180110001,Nominal Effective Exchange Rate,CY 2020=100,MONTHLY,Effective Exchange Rate,20260623,197903,39.66
FX180110001,Nominal Effective Exchange Rate,CY 2020=100,MONTHLY,Effective Exchange Rate,20260623,197904,38.01
FX180110001,Nominal Effective Exchange Rate,CY 2020=100,MONTHLY,Effective Exchange Rate,20260623,197905,37.82
FX180110001,Nominal Effective Exchange Rate,CY 2020=100,MONTHLY,Effective Exchange Rate,20260623,197906,37.54
FX180110001,Nominal Effective Exchange Rate,CY 2020=100,MONTHLY,Effective Exchange Rate,20260623,197907,37.38
FX180110001,Nominal Effective Exchange Rate,CY 2020=100,MONTHLY,Effective Exchange Rate,20260623,197908,37.19
FX180110001,Nominal Effective Exchange Rate,CY 2020=100,MONTHLY,Effective Exchange Rate,20260623,197909,36.35
FX180110001,Nominal Effective Exchange Rate,CY 2020=100,MONTHLY,Effective Exchange Rate,20260623,197910,35.19
FX180110001,Nominal Effective Exchange Rate,CY 2020=100,MONTHLY,Effective Exchange Rate,20260623,197911,33.12
FX180110001,Nominal Effective Exchange Rate,CY 2020=100,MONTHLY,Effective Exchange Rate,20260623,197912,33.44
FX180110001,Nominal Effective Exchange Rate,CY 2020=100,MONTHLY,Effective Exchange Rate,20260623,198001,33.99
FX180110001,Nominal Effective Exchange Rate,CY 2020=100,MONTHLY,Effective Exchange Rate,20260623,198002,33.34
FX180110001,Nominal Effective Exchange Rate,CY 2020=100,MONTHLY,Effective Exchange Rate,20260623,198003,33.44
FX180110001,Nominal Effective Exchange Rate,CY 2020=100,MONTHLY,Effective Exchange Rate,20260623,198004,33.38
FX180110001,Nominal Effective Exchange Rate,CY 2020=100,MONTHLY,Effective Exchange Rate,20260623,198005,35.94
FX180110001,Nominal Effective Exchange Rate,CY 2020=100,MONTHLY,Effective Exchange Rate,20260623,198006,37.38
FX180110001,Nominal Effective Exchange Rate,CY 2020=100,MONTHLY,Effective Exchange Rate,20260623,198007,36.71
FX180110001,Nominal Effective Exchange Rate,CY 2020=100,MONTHLY,Effective Exchange Rate,20260623,198008,36.5
FX180110001,Nominal Effective Exchange Rate,CY 2020=100,MONTHLY,Effective Exchange Rate,20260623,198009,38.05
FX180110001,Nominal Effective Exchange Rate,CY 2020=100,MONTHLY,Effective Exchange Rate,20260623,198010,39.37
FX180110001,Nominal Effective Exchange Rate,CY 2020=100,MONTHLY,Effective Exchange Rate,20260623,198011,39.25
FX180110001,Nominal Effective Exchange Rate,CY 2020=100,MONTHLY,Effective Exchange Rate,20260623,198012,40.3
FX180110001,Nominal Effective Exchange Rate,CY 2020=100,MONTHLY,Effective Exchange Rate,20260623,198101,41.87
FX180110001,Nominal Effective Exchange Rate,CY 2020=100,MONTHLY,Effective Exchange Rate,20260623,198102,42.17
FX180110001,Nominal Effective Exchange Rate,CY 2020=100,MONTHLY,Effective Exchange Rate,20260623,198103,41.6
FX180110001,Nominal Effective Exchange Rate,CY 2020=100,MONTHLY,Effective Exchange Rate,20260623,198104,40.86
FX180110001,Nominal Effective Exchange Rate,CY 2020=100,MONTHLY,Effective Exchange Rate,20260623,198105,40.64
FX180110001,Nominal Effective Exchange Rate,CY 2020=100,MONTHLY,Effective Exchange Rate,20260623,198106,40.6
FX180110001,Nominal Effective Exchange Rate,CY 2020=100,MONTHLY,Effective Exchange Rate,20260623,198107,39.67
FX180110001,Nominal Effective Exchange Rate,CY 2020=100,MONTHLY,Effective Exchange Rate,20260623,198108,40
FX180110001,Nominal Effective Exchange Rate,CY 2020=100,MONTHLY,Effective Exchange Rate,20260623,198109,40.12
FX180110001,Nominal Effective Exchange Rate,CY 2020=100,MONTHLY,Effective Exchange Rate,20260623,198110,39.37
FX180110001,Nominal Effective Exchange Rate,CY 2020=100,MONTHLY,Effective Exchange Rate,20260623,198111,40.47
FX180110001,Nominal Effective Exchange Rate,CY 2020=100,MONTHLY,Effective Exchange Rate,20260623,198112,41.52
FX180110001,Nominal Effective Exchange Rate,CY 2020=100,MONTHLY,Effective Exchange Rate,20260623,198201,40.75
FX180110001,Nominal Effective Exchange Rate,CY 2020=100,MONTHLY,Effective Exchange Rate,20260623,198202,39.44
FX180110001,Nominal Effective Exchange Rate,CY 2020=100,MONTHLY,Effective Exchange Rate,20260623,198203,38.84
FX180110001,Nominal Effective Exchange Rate,CY 2020=100,MONTHLY,Effective Exchange Rate,20260623,198204,38.68
FX180110001,Nominal Effective Exchange Rate,CY 2020=100,MONTHLY,Effective Exchange Rate,20260623,198205,39.45
FX180110001,Nominal Effective Exchange Rate,CY 2020=100,MONTHLY,Effective Exchange Rate,20260623,198206,38.03
FX180110001,Nominal Effective Exchange Rate,CY 2020=100,MONTHLY,Effective Exchange Rate,20260623,198207,37.79
FX180110001,Nominal Effective Exchange Rate,CY 2020=100,MONTHLY,Effective Exchange Rate,20260623,198208,37.34
FX180110001,Nominal Effective Exchange Rate,CY 2020=100,MONTHLY,Effective Exchange Rate,20260623,198209,36.96
FX180110001,Nominal Effective Exchange Rate,CY 2020=100,MONTHLY,Effective Exchange Rate,20260623,198210,36.16
FX180110001,Nominal Effective Exchange Rate,CY 2020=100,MONTHLY,Effective Exchange Rate,20260623,198211,37.33
FX180110001,Nominal Effective Exchange Rate,CY 2020=100,MONTHLY,Effective Exchange Rate,20260623,198212,40.22
FX180110001,Nominal Effective Exchange Rate,CY 2020=100,MONTHLY,Effective Exchange Rate,20260623,198301,41.69
FX180110001,Nominal Effective Exchange Rate,CY 2020=100,MONTHLY,Effective Exchange Rate,20260623,198302,41.42
FX180110001,Nominal Effective Exchange Rate,CY 2020=100,MONTHLY,Effective Exchange Rate,20260623,198303,41.42
FX180110001,Nominal Effective Exchange Rate,CY 2020=100,MONTHLY,Effective Exchange Rate,20260623,198304,41.63
FX180110001,Nominal Effective Exchange Rate,CY 2020=100,MONTHLY,Effective Exchange Rate,20260623,198305,42.11
FX180110001,Nominal Effective Exchange Rate,CY 2020=100,MONTHLY,Effective Exchange Rate,20260623,198306,41.76
FX180110001,Nominal Effective Exchange Rate,CY 2020=100,MONTHLY,Effective Exchange Rate,20260623,198307,41.89
FX180110001,Nominal Effective Exchange Rate,CY 2020=100,MONTHLY,Effective Exchange Rate,20260623,198308,41.7
FX180110001,Nominal Effective Exchange Rate,CY 2020=100,MONTHLY,Effective Exchange Rate,20260623,198309,42.11
FX180110001,Nominal Effective Exchange Rate,CY 2020=100,MONTHLY,Effective Exchange Rate,20260623,198310,43.55
FX180110001,Nominal Effective Exchange Rate,CY 2020=100,MONTHLY,Effective Exchange Rate,20260623,198311,43.48
FX180110001,Nominal Effective Exchange Rate,CY 2020=100,MONTHLY,Effective Exchange Rate,20260623,198312,44.1
FX180110001,Nominal Effective Exchange Rate,CY 2020=100,MONTHLY,Effective Exchange Rate,20260623,198401,44.58
FX180110001,Nominal Effective Exchange Rate,CY 2020=100,MONTHLY,Effective Exchange Rate,20260623,198402,44.12
FX180110001,Nominal Effective Exchange Rate,CY 2020=100,MONTHLY,Effective Exchange Rate,20260623,198403,45.16
FX180110001,Nominal Effective Exchange Rate,CY 2020=100,MONTHLY,Effective Exchange Rate,20260623,198404,45.55
FX180110001,Nominal Effective Exchange Rate,CY 2020=100,MONTHLY,Effective Exchange Rate,20260623,198405,45.05
FX180110001,Nominal Effective Exchange Rate,CY 2020=100,MONTHLY,Effective Exchange Rate,20260623,198406,44.59
FX180110001,Nominal Effective Exchange Rate,CY 2020=100,MONTHLY,Effective Exchange Rate,20260623,198407,43.62
FX180110001,Nominal Effective Exchange Rate,CY 2020=100,MONTHLY,Effective Exchange Rate,20260623,198408,43.82
FX180110001,Nominal Effective Exchange Rate,CY 2020=100,MONTHLY,Effective Exchange Rate,20260623,198409,44.05
FX180110001,Nominal Effective Exchange Rate,CY 2020=100,MONTHLY,Effective Exchange Rate,20260623,198410,44.09
FX180110001,Nominal Effective Exchange Rate,CY 2020=100,MONTHLY,Effective Exchange Rate,20260623,198411,44.35
FX180110001,Nominal Effective Exchange Rate,CY 2020=100,MONTHLY,Effective Exchange Rate,20260623,198412,44.18
FX180110001,Nominal Effective Exchange Rate,CY 2020=100,MONTHLY,Effective Exchange Rate,20260623,198501,43.62
FX180110001,Nominal Effective Exchange Rate,CY 2020=100,MONTHLY,Effective Exchange Rate,20260623,198502,43.32
FX180110001,Nominal Effective Exchange Rate,CY 2020=100,MONTHLY,Effective Exchange Rate,20260623,198503,43.82
FX180110001,Nominal Effective Exchange Rate,CY 2020=100,MONTHLY,Effective Exchange Rate,20260623,198504,43.87
FX180110001,Nominal Effective Exchange Rate,CY 2020=100,MONTHLY,Effective Exchange Rate,20260623,198505,43.96
FX180110001,Nominal Effective Exchange Rate,CY 2020=100,MONTHLY,Effective Exchange Rate,20260623,198506,44.17
FX180110001,Nominal Effective Exchange Rate,CY 2020=100,MONTHLY,Effective Exchange Rate,20260623,198507,44.58
FX180110001,Nominal Effective Exchange Rate,CY 2020=100,MONTHLY,Effective Exchange Rate,20260623,198508,44.95
FX180110001,Nominal Effective Exchange Rate,CY 2020=100,MONTHLY,Effective Exchange Rate,20260623,198509,45.42
FX180110001,Nominal Effective Exchange Rate,CY 2020=100,MONTHLY,Effective Exchange Rate,20260623,198510,48.86
FX180110001,Nominal Effective Exchange Rate,CY 2020=100,MONTHLY,Effective Exchange Rate,20260623,198511,51.1
FX180110001,Nominal Effective Exchange Rate,CY 2020=100,MONTHLY,Effective Exchange Rate,20260623,198512,51.08
FX180110001,Nominal Effective Exchange Rate,CY 2020=100,MONTHLY,Effective Exchange Rate,20260623,198601,51.44
FX180110001,Nominal Effective Exchange Rate,CY 2020=100,MONTHLY,Effective Exchange Rate,20260623,198602,55.06
FX180110001,Nominal Effective Exchange Rate,CY 2020=100,MONTHLY,Effective Exchange Rate,20260623,198603,56.33
FX180110001,Nominal Effective Exchange Rate,CY 2020=100,MONTHLY,Effective Exchange Rate,20260623,198604,57.44
FX180110001,Nominal Effective Exchange Rate,CY 2020=100,MONTHLY,Effective Exchange Rate,20260623,198605,59.84
FX180110001,Nominal Effective Exchange Rate,CY 2020=100,MONTHLY,Effective Exchange Rate,20260623,198606,59.72
FX180110001,Nominal Effective Exchange Rate,CY 2020=100,MONTHLY,Effective Exchange Rate,20260623,198607,62.62
FX180110001,Nominal Effective Exchange Rate,CY 2020=100,MONTHLY,Effective Exchange Rate,20260623,198608,63.87
FX180110001,Nominal Effective Exchange Rate,CY 2020=100,MONTHLY,Effective Exchange Rate,20260623,198609,63.46
FX180110001,Nominal Effective Exchange Rate,CY 2020=100,MONTHLY,Effective Exchange Rate,20260623,198610,62.63
FX180110001,Nominal Effective Exchange Rate,CY 2020=100,MONTHLY,Effective Exchange Rate,20260623,198611,60.21
FX180110001,Nominal Effective Exchange Rate,CY 2020=100,MONTHLY,Effective Exchange Rate,20260623,198612,60.04
FX180110001,Nominal Effective Exchange Rate,CY 2020=100,MONTHLY,Effective Exchange Rate,20260623,198701,61.52
FX180110001,Nominal Effective Exchange Rate,CY 2020=100,MONTHLY,Effective Exchange Rate,20260623,198702,61.51
FX180110001,Nominal Effective Exchange Rate,CY 2020=100,MONTHLY,Effective Exchange Rate,20260623,198703,62.04
FX180110001,Nominal Effective Exchange Rate,CY 2020=100,MONTHLY,Effective Exchange Rate,20260623,198704,65.12
FX180110001,Nominal Effective Exchange Rate,CY 2020=100,MONTHLY,Effective Exchange Rate,20260623,198705,65.68
FX180110001,Nominal Effective Exchange Rate,CY 2020=100,MONTHLY,Effective Exchange Rate,20260623,198706,63.97
FX180110001,Nominal Effective Exchange Rate,CY 2020=100,MONTHLY,Effective Exchange Rate,20260623,198707,61.79
FX180110001,Nominal Effective Exchange Rate,CY 2020=100,MONTHLY,Effective Exchange Rate,20260623,198708,62.95
FX180110001,Nominal Effective Exchange Rate,CY 2020=100,MONTHLY,Effective Exchange Rate,20260623,198709,64.19
FX180110001,Nominal Effective Exchange Rate,CY 2020=100,MONTHLY,Effective Exchange Rate,20260623,198710,63.99
FX180110001,Nominal Effective Exchange Rate,CY 2020=100,MONTHLY,Effective Exchange Rate,20260623,198711,66.22
FX180110001,Nominal Effective Exchange Rate,CY 2020=100,MONTHLY,Effective Exchange Rate,20260623,198712,68.83
FX180110001,Nominal Effective Exchange Rate,CY 2020=100,MONTHLY,Effective Exchange Rate,20260623,198801,69.35
FX180110001,Nominal Effective Exchange Rate,CY 2020=100,MONTHLY,Effective Exchange Rate,20260623,198802,68.96
FX180110001,Nominal Effective Exchange Rate,CY 2020=100,MONTHLY,Effective Exchange Rate,20260623,198803,69.42
FX180110001,Nominal Effective Exchange Rate,CY 2020=100,MONTHLY,Effective Exchange Rate,20260623,198804,70.22
FX180110001,Nominal Effective Exchange Rate,CY 2020=100,MONTHLY,Effective Exchange Rate,20260623,198805,70.52
FX180110001,Nominal Effective Exchange Rate,CY 2020=100,MONTHLY,Effective Exchange Rate,20260623,198806,69.92
FX180110001,Nominal Effective Exchange Rate,CY 2020=100,MONTHLY,Effective Exchange Rate,20260623,198807,68
FX180110001,Nominal Effective Exchange Rate,CY 2020=100,MONTHLY,Effective Exchange Rate,20260623,198808,68.19
FX180110001,Nominal Effective Exchange Rate,CY 2020=100,MONTHLY,Effective Exchange Rate,20260623,198809,67.76
FX180110001,Nominal Effective Exchange Rate,CY 2020=100,MONTHLY,Effective Exchange Rate,20260623,198810,69.86
FX180110001,Nominal Effective Exchange Rate,CY 2020=100,MONTHLY,Effective Exchange Rate,20260623,198811,71.67
FX180110001,Nominal Effective Exchange Rate,CY 2020=100,MONTHLY,Effective Exchange Rate,20260623,198812,71.31
FX180110001,Nominal Effective Exchange Rate,CY 2020=100,MONTHLY,Effective Exchange Rate,20260623,198901,70.12
FX180110001,Nominal Effective Exchange Rate,CY 2020=100,MONTHLY,Effective Exchange Rate,20260623,198902,70.04
FX180110001,Nominal Effective Exchange Rate,CY 2020=100,MONTHLY,Effective Exchange Rate,20260623,198903,68.94
FX180110001,Nominal Effective Exchange Rate,CY 2020=100,MONTHLY,Effective Exchange Rate,20260623,198904,68.02
FX180110001,Nominal Effective Exchange Rate,CY 2020=100,MONTHLY,Effective Exchange Rate,20260623,198905,65.83
FX180110001,Nominal Effective Exchange Rate,CY 2020=100,MONTHLY,Effective Exchange Rate,20260623,198906,63.79
FX180110001,Nominal Effective Exchange Rate,CY 2020=100,MONTHLY,Effective Exchange Rate,20260623,198907,64.3
FX180110001,Nominal Effective Exchange Rate,CY 2020=100,MONTHLY,Effective Exchange Rate,20260623,198908,64.26
FX180110001,Nominal Effective Exchange Rate,CY 2020=100,MONTHLY,Effective Exchange Rate,20260623,198909,62.91
FX180110001,Nominal Effective Exchange Rate,CY 2020=100,MONTHLY,Effective Exchange Rate,20260623,198910,63.53
FX180110001,Nominal Effective Exchange Rate,CY 2020=100,MONTHLY,Effective Exchange Rate,20260623,198911,62.63
FX180110001,Nominal Effective Exchange Rate,CY 2020=100,MONTHLY,Effective Exchange Rate,20260623,198912,61.74
FX180110001,Nominal Effective Exchange Rate,CY 2020=100,MONTHLY,Effective Exchange Rate,20260623,199001,60.58
FX180110001,Nominal Effective Exchange Rate,CY 2020=100,MONTHLY,Effective Exchange Rate,20260623,199002,60.13
FX180110001,Nominal Effective Exchange Rate,CY 2020=100,MONTHLY,Effective Exchange Rate,20260623,199003,57.64
FX180110001,Nominal Effective Exchange Rate,CY 2020=100,MONTHLY,Effective Exchange Rate,20260623,199004,55.54
FX180110001,Nominal Effective Exchange Rate,CY 2020=100,MONTHLY,Effective Exchange Rate,20260623,199005,56.99
FX180110001,Nominal Effective Exchange Rate,CY 2020=100,MONTHLY,Effective Exchange Rate,20260623,199006,57.01
FX180110001,Nominal Effective Exchange Rate,CY 2020=100,MONTHLY,Effective Exchange Rate,20260623,199007,58.01
FX180110001,Nominal Effective Exchange Rate,CY 2020=100,MONTHLY,Effective Exchange Rate,20260623,199008,57.71
FX180110001,Nominal Effective Exchange Rate,CY 2020=100,MONTHLY,Effective Exchange Rate,20260623,199009,61.35
FX180110001,Nominal Effective Exchange Rate,CY 2020=100,MONTHLY,Effective Exchange Rate,20260623,199010,64.9
FX180110001,Nominal Effective Exchange Rate,CY 2020=100,MONTHLY,Effective Exchange Rate,20260623,199011,64.9
FX180110001,Nominal Effective Exchange Rate,CY 2020=100,MONTHLY,Effective Exchange Rate,20260623,199012,62.93
FX180110001,Nominal Effective Exchange Rate,CY 2020=100,MONTHLY,Effective Exchange Rate,20260623,199101,63.06
FX180110001,Nominal Effective Exchange Rate,CY 2020=100,MONTHLY,Effective Exchange Rate,20260623,199102,64.19
FX180110001,Nominal Effective Exchange Rate,CY 2020=100,MONTHLY,Effective Exchange Rate,20260623,199103,62.86
FX180110001,Nominal Effective Exchange Rate,CY 2020=100,MONTHLY,Effective Exchange Rate,20260623,199104,64.06
FX180110001,Nominal Effective Exchange Rate,CY 2020=100,MONTHLY,Effective Exchange Rate,20260623,199105,63.79
FX180110001,Nominal Effective Exchange Rate,CY 2020=100,MONTHLY,Effective Exchange Rate,20260623,199106,63.96
FX180110001,Nominal Effective Exchange Rate,CY 2020=100,MONTHLY,Effective Exchange Rate,20260623,199107,64.9
FX180110001,Nominal Effective Exchange Rate,CY 2020=100,MONTHLY,Effective Exchange Rate,20260623,199108,64.79
FX180110001,Nominal Effective Exchange Rate,CY 2020=100,MONTHLY,Effective Exchange Rate,20260623,199109,65.25
FX180110001,Nominal Effective Exchange Rate,CY 2020=100,MONTHLY,Effective Exchange Rate,20260623,199110,67.14
FX180110001,Nominal Effective Exchange Rate,CY 2020=100,MONTHLY,Effective Exchange Rate,20260623,199111,66.78
FX180110001,Nominal Effective Exchange Rate,CY 2020=100,MONTHLY,Effective Exchange Rate,20260623,199112,66.81
FX180110001,Nominal Effective Exchange Rate,CY 2020=100,MONTHLY,Effective Exchange Rate,20260623,199201,68.52
FX180110001,Nominal Effective Exchange Rate,CY 2020=100,MONTHLY,Effective Exchange Rate,20260623,199202,67.87
FX180110001,Nominal Effective Exchange Rate,CY 2020=100,MONTHLY,Effective Exchange Rate,20260623,199203,65.91
FX180110001,Nominal Effective Exchange Rate,CY 2020=100,MONTHLY,Effective Exchange Rate,20260623,199204,65.41
FX180110001,Nominal Effective Exchange Rate,CY 2020=100,MONTHLY,Effective Exchange Rate,20260623,199205,66.27
FX180110001,Nominal Effective Exchange Rate,CY 2020=100,MONTHLY,Effective Exchange Rate,20260623,199206,67.55
FX180110001,Nominal Effective Exchange Rate,CY 2020=100,MONTHLY,Effective Exchange Rate,20260623,199207,67
FX180110001,Nominal Effective Exchange Rate,CY 2020=100,MONTHLY,Effective Exchange Rate,20260623,199208,66.3
FX180110001,Nominal Effective Exchange Rate,CY 2020=100,MONTHLY,Effective Exchange Rate,20260623,199209,68.67
FX180110001,Nominal Effective Exchange Rate,CY 2020=100,MONTHLY,Effective Exchange Rate,20260623,199210,70.92
FX180110001,Nominal Effective Exchange Rate,CY 2020=100,MONTHLY,Effective Exchange Rate,20260623,199211,71.31
FX180110001,Nominal Effective Exchange Rate,CY 2020=100,MONTHLY,Effective Exchange Rate,20260623,199212,71.34
FX180110001,Nominal Effective Exchange Rate,CY 2020=100,MONTHLY,Effective Exchange Rate,20260623,199301,71.35
FX180110001,Nominal Effective Exchange Rate,CY 2020=100,MONTHLY,Effective Exchange Rate,20260623,199302,74.59
FX180110001,Nominal Effective Exchange Rate,CY 2020=100,MONTHLY,Effective Exchange Rate,20260623,199303,77.03
FX180110001,Nominal Effective Exchange Rate,CY 2020=100,MONTHLY,Effective Exchange Rate,20260623,199304,79.26
FX180110001,Nominal Effective Exchange Rate,CY 2020=100,MONTHLY,Effective Exchange Rate,20260623,199305,80.66
FX180110001,Nominal Effective Exchange Rate,CY 2020=100,MONTHLY,Effective Exchange Rate,20260623,199306,83.88
FX180110001,Nominal Effective Exchange Rate,CY 2020=100,MONTHLY,Effective Exchange Rate,20260623,199307,84.76
FX180110001,Nominal Effective Exchange Rate,CY 2020=100,MONTHLY,Effective Exchange Rate,20260623,199308,88.08
FX180110001,Nominal Effective Exchange Rate,CY 2020=100,MONTHLY,Effective Exchange Rate,20260623,199309,85.81
FX180110001,Nominal Effective Exchange Rate,CY 2020=100,MONTHLY,Effective Exchange Rate,20260623,199310,84.82
FX180110001,Nominal Effective Exchange Rate,CY 2020=100,MONTHLY,Effective Exchange Rate,20260623,199311,84.88
FX180110001,Nominal Effective Exchange Rate,CY 2020=100,MONTHLY,Effective Exchange Rate,20260623,199312,83.21
FX180110001,Nominal Effective Exchange Rate,CY 2020=100,MONTHLY,Effective Exchange Rate,20260623,199401,82.24
FX180110001,Nominal Effective Exchange Rate,CY 2020=100,MONTHLY,Effective Exchange Rate,20260623,199402,86.48
FX180110001,Nominal Effective Exchange Rate,CY 2020=100,MONTHLY,Effective Exchange Rate,20260623,199403,87.47
FX180110001,Nominal Effective Exchange Rate,CY 2020=100,MONTHLY,Effective Exchange Rate,20260623,199404,89.4
FX180110001,Nominal Effective Exchange Rate,CY 2020=100,MONTHLY,Effective Exchange Rate,20260623,199405,88.84
FX180110001,Nominal Effective Exchange Rate,CY 2020=100,MONTHLY,Effective Exchange Rate,20260623,199406,89.69
FX180110001,Nominal Effective Exchange Rate,CY 2020=100,MONTHLY,Effective Exchange Rate,20260623,199407,92.67
FX180110001,Nominal Effective Exchange Rate,CY 2020=100,MONTHLY,Effective Exchange Rate,20260623,199408,91.26
FX180110001,Nominal Effective Exchange Rate,CY 2020=100,MONTHLY,Effective Exchange Rate,20260623,199409,91.82
FX180110001,Nominal Effective Exchange Rate,CY 2020=100,MONTHLY,Effective Exchange Rate,20260623,199410,91.75
FX180110001,Nominal Effective Exchange Rate,CY 2020=100,MONTHLY,Effective Exchange Rate,20260623,199411,92.44
FX180110001,Nominal Effective Exchange Rate,CY 2020=100,MONTHLY,Effective Exchange Rate,20260623,199412,91.13
FX180110001,Nominal Effective Exchange Rate,CY 2020=100,MONTHLY,Effective Exchange Rate,20260623,199501,91.53
FX180110001,Nominal Effective Exchange Rate,CY 2020=100,MONTHLY,Effective Exchange Rate,20260623,199502,92.78
FX180110001,Nominal Effective Exchange Rate,CY 2020=100,MONTHLY,Effective Exchange Rate,20260623,199503,99.7
FX180110001,Nominal Effective Exchange Rate,CY 2020=100,MONTHLY,Effective Exchange Rate,20260623,199504,106.76
FX180110001,Nominal Effective Exchange Rate,CY 2020=100,MONTHLY,Effective Exchange Rate,20260623,199505,105.53
FX180110001,Nominal Effective Exchange Rate,CY 2020=100,MONTHLY,Effective Exchange Rate,20260623,199506,105.89
FX180110001,Nominal Effective Exchange Rate,CY 2020=100,MONTHLY,Effective Exchange Rate,20260623,199507,102.48
FX180110001,Nominal Effective Exchange Rate,CY 2020=100,MONTHLY,Effective Exchange Rate,20260623,199508,95.53
FX180110001,Nominal Effective Exchange Rate,CY 2020=100,MONTHLY,Effective Exchange Rate,20260623,199509,90.46
FX180110001,Nominal Effective Exchange Rate,CY 2020=100,MONTHLY,Effective Exchange Rate,20260623,199510,89.6
FX180110001,Nominal Effective Exchange Rate,CY 2020=100,MONTHLY,Effective Exchange Rate,20260623,199511,88.9
FX180110001,Nominal Effective Exchange Rate,CY 2020=100,MONTHLY,Effective Exchange Rate,20260623,199512,89.4
FX180110001,Nominal Effective Exchange Rate,CY 2020=100,MONTHLY,Effective Exchange Rate,20260623,199601,86.53
FX180110001,Nominal Effective Exchange Rate,CY 2020=100,MONTHLY,Effective Exchange Rate,20260623,199602,86.59
FX180110001,Nominal Effective Exchange Rate,CY 2020=100,MONTHLY,Effective Exchange Rate,20260623,199603,86.46
FX180110001,Nominal Effective Exchange Rate,CY 2020=100,MONTHLY,Effective Exchange Rate,20260623,199604,85.59
FX180110001,Nominal Effective Exchange Rate,CY 2020=100,MONTHLY,Effective Exchange Rate,20260623,199605,86.62
FX180110001,Nominal Effective Exchange Rate,CY 2020=100,MONTHLY,Effective Exchange Rate,20260623,199606,84.69
FX180110001,Nominal Effective Exchange Rate,CY 2020=100,MONTHLY,Effective Exchange Rate,20260623,199607,84.26
FX180110001,Nominal Effective Exchange Rate,CY 2020=100,MONTHLY,Effective Exchange Rate,20260623,199608,85.21
FX180110001,Nominal Effective Exchange Rate,CY 2020=100,MONTHLY,Effective Exchange Rate,20260623,199609,83.87
FX180110001,Nominal Effective Exchange Rate,CY 2020=100,MONTHLY,Effective Exchange Rate,20260623,199610,82.2
FX180110001,Nominal Effective Exchange Rate,CY 2020=100,MONTHLY,Effective Exchange Rate,20260623,199611,81.96
FX180110001,Nominal Effective Exchange Rate,CY 2020=100,MONTHLY,Effective Exchange Rate,20260623,199612,81.33
FX180110001,Nominal Effective Exchange Rate,CY 2020=100,MONTHLY,Effective Exchange Rate,20260623,199701,79.18
FX180110001,Nominal Effective Exchange Rate,CY 2020=100,MONTHLY,Effective Exchange Rate,20260623,199702,76.8
FX180110001,Nominal Effective Exchange Rate,CY 2020=100,MONTHLY,Effective Exchange Rate,20260623,199703,77.45
FX180110001,Nominal Effective Exchange Rate,CY 2020=100,MONTHLY,Effective Exchange Rate,20260623,199704,75.82
FX180110001,Nominal Effective Exchange Rate,CY 2020=100,MONTHLY,Effective Exchange Rate,20260623,199705,80.18
FX180110001,Nominal Effective Exchange Rate,CY 2020=100,MONTHLY,Effective Exchange Rate,20260623,199706,83.34
FX180110001,Nominal Effective Exchange Rate,CY 2020=100,MONTHLY,Effective Exchange Rate,20260623,199707,83.97
FX180110001,Nominal Effective Exchange Rate,CY 2020=100,MONTHLY,Effective Exchange Rate,20260623,199708,83.49
FX180110001,Nominal Effective Exchange Rate,CY 2020=100,MONTHLY,Effective Exchange Rate,20260623,199709,81.99
FX180110001,Nominal Effective Exchange Rate,CY 2020=100,MONTHLY,Effective Exchange Rate,20260623,199710,82.56
FX180110001,Nominal Effective Exchange Rate,CY 2020=100,MONTHLY,Effective Exchange Rate,20260623,199711,80.5
FX180110001,Nominal Effective Exchange Rate,CY 2020=100,MONTHLY,Effective Exchange Rate,20260623,199712,81.63
FX180110001,Nominal Effective Exchange Rate,CY 2020=100,MONTHLY,Effective Exchange Rate,20260623,199801,85.24
FX180110001,Nominal Effective Exchange Rate,CY 2020=100,MONTHLY,Effective Exchange Rate,20260623,199802,86.37
FX180110001,Nominal Effective Exchange Rate,CY 2020=100,MONTHLY,Effective Exchange Rate,20260623,199803,83.38
FX180110001,Nominal Effective Exchange Rate,CY 2020=100,MONTHLY,Effective Exchange Rate,20260623,199804,80.68
FX180110001,Nominal Effective Exchange Rate,CY 2020=100,MONTHLY,Effective Exchange Rate,20260623,199805,79.39
FX180110001,Nominal Effective Exchange Rate,CY 2020=100,MONTHLY,Effective Exchange Rate,20260623,199806,77.79
FX180110001,Nominal Effective Exchange Rate,CY 2020=100,MONTHLY,Effective Exchange Rate,20260623,199807,77.48
FX180110001,Nominal Effective Exchange Rate,CY 2020=100,MONTHLY,Effective Exchange Rate,20260623,199808,75.58
FX180110001,Nominal Effective Exchange Rate,CY 2020=100,MONTHLY,Effective Exchange Rate,20260623,199809,80.56
FX180110001,Nominal Effective Exchange Rate,CY 2020=100,MONTHLY,Effective Exchange Rate,20260623,199810,88
FX180110001,Nominal Effective Exchange Rate,CY 2020=100,MONTHLY,Effective Exchange Rate,20260623,199811,88.11
FX180110001,Nominal Effective Exchange Rate,CY 2020=100,MONTHLY,Effective Exchange Rate,20260623,199812,90.14
FX180110001,Nominal Effective Exchange Rate,CY 2020=100,MONTHLY,Effective Exchange Rate,20260623,199901,93.75
FX180110001,Nominal Effective Exchange Rate,CY 2020=100,MONTHLY,Effective Exchange Rate,20260623,199902,91.88
FX180110001,Nominal Effective Exchange Rate,CY 2020=100,MONTHLY,Effective Exchange Rate,20260623,199903,90.61
FX180110001,Nominal Effective Exchange Rate,CY 2020=100,MONTHLY,Effective Exchange Rate,20260623,199904,90.5
FX180110001,Nominal Effective Exchange Rate,CY 2020=100,MONTHLY,Effective Exchange Rate,20260623,199905,88.54
FX180110001,Nominal Effective Exchange Rate,CY 2020=100,MONTHLY,Effective Exchange Rate,20260623,199906,89.68
FX180110001,Nominal Effective Exchange Rate,CY 2020=100,MONTHLY,Effective Exchange Rate,20260623,199907,90.66
FX180110001,Nominal Effective Exchange Rate,CY 2020=100,MONTHLY,Effective Exchange Rate,20260623,199908,95.51
FX180110001,Nominal Effective Exchange Rate,CY 2020=100,MONTHLY,Effective Exchange Rate,20260623,199909,101.63
FX180110001,Nominal Effective Exchange Rate,CY 2020=100,MONTHLY,Effective Exchange Rate,20260623,199910,101.98
FX180110001,Nominal Effective Exchange Rate,CY 2020=100,MONTHLY,Effective Exchange Rate,20260623,199911,103.7
FX180110001,Nominal Effective Exchange Rate,CY 2020=100,MONTHLY,Effective Exchange Rate,20260623,199912,106.08
FX180110001,Nominal Effective Exchange Rate,CY 2020=100,MONTHLY,Effective Exchange Rate,20260623,200001,103.15
FX180110001,Nominal Effective Exchange Rate,CY 2020=100,MONTHLY,Effective Exchange Rate,20260623,200002,99.89
FX180110001,Nominal Effective Exchange Rate,CY 2020=100,MONTHLY,Effective Exchange Rate,20260623,200003,103.2
FX180110001,Nominal Effective Exchange Rate,CY 2020=100,MONTHLY,Effective Exchange Rate,20260623,200004,104.48
FX180110001,Nominal Effective Exchange Rate,CY 2020=100,MONTHLY,Effective Exchange Rate,20260623,200005,103.47
FX180110001,Nominal Effective Exchange Rate,CY 2020=100,MONTHLY,Effective Exchange Rate,20260623,200006,104.72
FX180110001,Nominal Effective Exchange Rate,CY 2020=100,MONTHLY,Effective Exchange Rate,20260623,200007,103.43
FX180110001,Nominal Effective Exchange Rate,CY 2020=100,MONTHLY,Effective Exchange Rate,20260623,200008,103.97
FX180110001,Nominal Effective Exchange Rate,CY 2020=100,MONTHLY,Effective Exchange Rate,20260623,200009,106.54
FX180110001,Nominal Effective Exchange Rate,CY 2020=100,MONTHLY,Effective Exchange Rate,20260623,200010,105.95
FX180110001,Nominal Effective Exchange Rate,CY 2020=100,MONTHLY,Effective Exchange Rate,20260623,200011,106.09
FX180110001,Nominal Effective Exchange Rate,CY 2020=100,MONTHLY,Effective Exchange Rate,20260623,200012,102.33
FX180110001,Nominal Effective Exchange Rate,CY 2020=100,MONTHLY,Effective Exchange Rate,20260623,200101,97.64
FX180110001,Nominal Effective Exchange Rate,CY 2020=100,MONTHLY,Effective Exchange Rate,20260623,200102,98.44
FX180110001,Nominal Effective Exchange Rate,CY 2020=100,MONTHLY,Effective Exchange Rate,20260623,200103,95.22
FX180110001,Nominal Effective Exchange Rate,CY 2020=100,MONTHLY,Effective Exchange Rate,20260623,200104,94.41
FX180110001,Nominal Effective Exchange Rate,CY 2020=100,MONTHLY,Effective Exchange Rate,20260623,200105,96.11
FX180110001,Nominal Effective Exchange Rate,CY 2020=100,MONTHLY,Effective Exchange Rate,20260623,200106,96.49
FX180110001,Nominal Effective Exchange Rate,CY 2020=100,MONTHLY,Effective Exchange Rate,20260623,200107,94.74
FX180110001,Nominal Effective Exchange Rate,CY 2020=100,MONTHLY,Effective Exchange Rate,20260623,200108,95.65
FX180110001,Nominal Effective Exchange Rate,CY 2020=100,MONTHLY,Effective Exchange Rate,20260623,200109,97.81
FX180110001,Nominal Effective Exchange Rate,CY 2020=100,MONTHLY,Effective Exchange Rate,20260623,200110,96.3
FX180110001,Nominal Effective Exchange Rate,CY 2020=100,MONTHLY,Effective Exchange Rate,20260623,200111,95.75
FX180110001,Nominal Effective Exchange Rate,CY 2020=100,MONTHLY,Effective Exchange Rate,20260623,200112,92.09
FX180110001,Nominal Effective Exchange Rate,CY 2020=100,MONTHLY,Effective Exchange Rate,20260623,200201,88.65
FX180110001,Nominal Effective Exchange Rate,CY 2020=100,MONTHLY,Effective Exchange Rate,20260623,200202,88.32
FX180110001,Nominal Effective Exchange Rate,CY 2020=100,MONTHLY,Effective Exchange Rate,20260623,200203,89.78
FX180110001,Nominal Effective Exchange Rate,CY 2020=100,MONTHLY,Effective Exchange Rate,20260623,200204,89.55
FX180110001,Nominal Effective Exchange Rate,CY 2020=100,MONTHLY,Effective Exchange Rate,20260623,200205,91.45
FX180110001,Nominal Effective Exchange Rate,CY 2020=100,MONTHLY,Effective Exchange Rate,20260623,200206,92.57
FX180110001,Nominal Effective Exchange Rate,CY 2020=100,MONTHLY,Effective Exchange Rate,20260623,200207,95.65
FX180110001,Nominal Effective Exchange Rate,CY 2020=100,MONTHLY,Effective Exchange Rate,20260623,200208,95.65
FX180110001,Nominal Effective Exchange Rate,CY 2020=100,MONTHLY,Effective Exchange Rate,20260623,200209,94.46
FX180110001,Nominal Effective Exchange Rate,CY 2020=100,MONTHLY,Effective Exchange Rate,20260623,200210,92.41
FX180110001,Nominal Effective Exchange Rate,CY 2020=100,MONTHLY,Effective Exchange Rate,20260623,200211,93.46
FX180110001,Nominal Effective Exchange Rate,CY 2020=100,MONTHLY,Effective Exchange Rate,20260623,200212,92.66
FX180110001,Nominal Effective Exchange Rate,CY 2020=100,MONTHLY,Effective Exchange Rate,20260623,200301,94.06
FX180110001,Nominal Effective Exchange Rate,CY 2020=100,MONTHLY,Effective Exchange Rate,20260623,200302,93.43
FX180110001,Nominal Effective Exchange Rate,CY 2020=100,MONTHLY,Effective Exchange Rate,20260623,200303,94.2
FX180110001,Nominal Effective Exchange Rate,CY 2020=100,MONTHLY,Effective Exchange Rate,20260623,200304,92.88
FX180110001,Nominal Effective Exchange Rate,CY 2020=100,MONTHLY,Effective Exchange Rate,20260623,200305,92.98
FX180110001,Nominal Effective Exchange Rate,CY 2020=100,MONTHLY,Effective Exchange Rate,20260623,200306,91.81
FX180110001,Nominal Effective Exchange Rate,CY 2020=100,MONTHLY,Effective Exchange Rate,20260623,200307,92.05
FX180110001,Nominal Effective Exchange Rate,CY 2020=100,MONTHLY,Effective Exchange Rate,20260623,200308,92.53
FX180110001,Nominal Effective Exchange Rate,CY 2020=100,MONTHLY,Effective Exchange Rate,20260623,200309,95.16
FX180110001,Nominal Effective Exchange Rate,CY 2020=100,MONTHLY,Effective Exchange Rate,20260623,200310,98.64
FX180110001,Nominal Effective Exchange Rate,CY 2020=100,MONTHLY,Effective Exchange Rate,20260623,200311,98.98
FX180110001,Nominal Effective Exchange Rate,CY 2020=100,MONTHLY,Effective Exchange Rate,20260623,200312,99.15
FX180110001,Nominal Effective Exchange Rate,CY 2020=100,MONTHLY,Effective Exchange Rate,20260623,200401,99.55
FX180110001,Nominal Effective Exchange Rate,CY 2020=100,MONTHLY,Effective Exchange Rate,20260623,200402,99.1
FX180110001,Nominal Effective Exchange Rate,CY 2020=100,MONTHLY,Effective Exchange Rate,20260623,200403,98.07
FX180110001,Nominal Effective Exchange Rate,CY 2020=100,MONTHLY,Effective Exchange Rate,20260623,200404,99.21
FX180110001,Nominal Effective Exchange Rate,CY 2020=100,MONTHLY,Effective Exchange Rate,20260623,200405,96.04
FX180110001,Nominal Effective Exchange Rate,CY 2020=100,MONTHLY,Effective Exchange Rate,20260623,200406,98
FX180110001,Nominal Effective Exchange Rate,CY 2020=100,MONTHLY,Effective Exchange Rate,20260623,200407,97.73
FX180110001,Nominal Effective Exchange Rate,CY 2020=100,MONTHLY,Effective Exchange Rate,20260623,200408,97.01
FX180110001,Nominal Effective Exchange Rate,CY 2020=100,MONTHLY,Effective Exchange Rate,20260623,200409,97.17
FX180110001,Nominal Effective Exchange Rate,CY 2020=100,MONTHLY,Effective Exchange Rate,20260623,200410,97.5
FX180110001,Nominal Effective Exchange Rate,CY 2020=100,MONTHLY,Effective Exchange Rate,20260623,200411,99.5
FX180110001,Nominal Effective Exchange Rate,CY 2020=100,MONTHLY,Effective Exchange Rate,20260623,200412,99.22
FX180110001,Nominal Effective Exchange Rate,CY 2020=100,MONTHLY,Effective Exchange Rate,20260623,200501,99.94
FX180110001,Nominal Effective Exchange Rate,CY 2020=100,MONTHLY,Effective Exchange Rate,20260623,200502,98.32
FX180110001,Nominal Effective Exchange Rate,CY 2020=100,MONTHLY,Effective Exchange Rate,20260623,200503,97.59
FX180110001,Nominal Effective Exchange Rate,CY 2020=100,MONTHLY,Effective Exchange Rate,20260623,200504,96.34
FX180110001,Nominal Effective Exchange Rate,CY 2020=100,MONTHLY,Effective Exchange Rate,20260623,200505,97.27
FX180110001,Nominal Effective Exchange Rate,CY 2020=100,MONTHLY,Effective Exchange Rate,20260623,200506,96.54
FX180110001,Nominal Effective Exchange Rate,CY 2020=100,MONTHLY,Effective Exchange Rate,20260623,200507,94.25
FX180110001,Nominal Effective Exchange Rate,CY 2020=100,MONTHLY,Effective Exchange Rate,20260623,200508,94.34
FX180110001,Nominal Effective Exchange Rate,CY 2020=100,MONTHLY,Effective Exchange Rate,20260623,200509,94.16
FX180110001,Nominal Effective Exchange Rate,CY 2020=100,MONTHLY,Effective Exchange Rate,20260623,200510,91.64
FX180110001,Nominal Effective Exchange Rate,CY 2020=100,MONTHLY,Effective Exchange Rate,20260623,200511,89.28
FX180110001,Nominal Effective Exchange Rate,CY 2020=100,MONTHLY,Effective Exchange Rate,20260623,200512,88.7
FX180110001,Nominal Effective Exchange Rate,CY 2020=100,MONTHLY,Effective Exchange Rate,20260623,200601,89.83
FX180110001,Nominal Effective Exchange Rate,CY 2020=100,MONTHLY,Effective Exchange Rate,20260623,200602,88.04
FX180110001,Nominal Effective Exchange Rate,CY 2020=100,MONTHLY,Effective Exchange Rate,20260623,200603,88.47
FX180110001,Nominal Effective Exchange Rate,CY 2020=100,MONTHLY,Effective Exchange Rate,20260623,200604,87.86
FX180110001,Nominal Effective Exchange Rate,CY 2020=100,MONTHLY,Effective Exchange Rate,20260623,200605,90.92
FX180110001,Nominal Effective Exchange Rate,CY 2020=100,MONTHLY,Effective Exchange Rate,20260623,200606,89.37
FX180110001,Nominal Effective Exchange Rate,CY 2020=100,MONTHLY,Effective Exchange Rate,20260623,200607,88.39
FX180110001,Nominal Effective Exchange Rate,CY 2020=100,MONTHLY,Effective Exchange Rate,20260623,200608,87.82
FX180110001,Nominal Effective Exchange Rate,CY 2020=100,MONTHLY,Effective Exchange Rate,20260623,200609,87.01
FX180110001,Nominal Effective Exchange Rate,CY 2020=100,MONTHLY,Effective Exchange Rate,20260623,200610,85.95
FX180110001,Nominal Effective Exchange Rate,CY 2020=100,MONTHLY,Effective Exchange Rate,20260623,200611,86.05
FX180110001,Nominal Effective Exchange Rate,CY 2020=100,MONTHLY,Effective Exchange Rate,20260623,200612,85.21
FX180110001,Nominal Effective Exchange Rate,CY 2020=100,MONTHLY,Effective Exchange Rate,20260623,200701,83.21
FX180110001,Nominal Effective Exchange Rate,CY 2020=100,MONTHLY,Effective Exchange Rate,20260623,200702,82.84
FX180110001,Nominal Effective Exchange Rate,CY 2020=100,MONTHLY,Effective Exchange Rate,20260623,200703,84.89
FX180110001,Nominal Effective Exchange Rate,CY 2020=100,MONTHLY,Effective Exchange Rate,20260623,200704,82.92
FX180110001,Nominal Effective Exchange Rate,CY 2020=100,MONTHLY,Effective Exchange Rate,20260623,200705,81.32
FX180110001,Nominal Effective Exchange Rate,CY 2020=100,MONTHLY,Effective Exchange Rate,20260623,200706,80.04
FX180110001,Nominal Effective Exchange Rate,CY 2020=100,MONTHLY,Effective Exchange Rate,20260623,200707,79.78
FX180110001,Nominal Effective Exchange Rate,CY 2020=100,MONTHLY,Effective Exchange Rate,20260623,200708,83.75
FX180110001,Nominal Effective Exchange Rate,CY 2020=100,MONTHLY,Effective Exchange Rate,20260623,200709,84.37
FX180110001,Nominal Effective Exchange Rate,CY 2020=100,MONTHLY,Effective Exchange Rate,20260623,200710,82.5
FX180110001,Nominal Effective Exchange Rate,CY 2020=100,MONTHLY,Effective Exchange Rate,20260623,200711,85.33
FX180110001,Nominal Effective Exchange Rate,CY 2020=100,MONTHLY,Effective Exchange Rate,20260623,200712,84.47
FX180110001,Nominal Effective Exchange Rate,CY 2020=100,MONTHLY,Effective Exchange Rate,20260623,200801,87.36
FX180110001,Nominal Effective Exchange Rate,CY 2020=100,MONTHLY,Effective Exchange Rate,20260623,200802,87.47
FX180110001,Nominal Effective Exchange Rate,CY 2020=100,MONTHLY,Effective Exchange Rate,20260623,200803,91.65
FX180110001,Nominal Effective Exchange Rate,CY 2020=100,MONTHLY,Effective Exchange Rate,20260623,200804,89.61
FX180110001,Nominal Effective Exchange Rate,CY 2020=100,MONTHLY,Effective Exchange Rate,20260623,200805,88.66
FX180110001,Nominal Effective Exchange Rate,CY 2020=100,MONTHLY,Effective Exchange Rate,20260623,200806,86.41
FX180110001,Nominal Effective Exchange Rate,CY 2020=100,MONTHLY,Effective Exchange Rate,20260623,200807,85.82
FX180110001,Nominal Effective Exchange Rate,CY 2020=100,MONTHLY,Effective Exchange Rate,20260623,200808,85.49
FX180110001,Nominal Effective Exchange Rate,CY 2020=100,MONTHLY,Effective Exchange Rate,20260623,200809,89.6
FX180110001,Nominal Effective Exchange Rate,CY 2020=100,MONTHLY,Effective Exchange Rate,20260623,200810,99.61
FX180110001,Nominal Effective Exchange Rate,CY 2020=100,MONTHLY,Effective Exchange Rate,20260623,200811,105.49
FX180110001,Nominal Effective Exchange Rate,CY 2020=100,MONTHLY,Effective Exchange Rate,20260623,200812,111.1
FX180110001,Nominal Effective Exchange Rate,CY 2020=100,MONTHLY,Effective Exchange Rate,20260623,200901,112.36
FX180110001,Nominal Effective Exchange Rate,CY 2020=100,MONTHLY,Effective Exchange Rate,20260623,200902,111.82
FX180110001,Nominal Effective Exchange Rate,CY 2020=100,MONTHLY,Effective Exchange Rate,20260623,200903,105.62
FX180110001,Nominal Effective Exchange Rate,CY 2020=100,MONTHLY,Effective Exchange Rate,20260623,200904,102.78
FX180110001,Nominal Effective Exchange Rate,CY 2020=100,MONTHLY,Effective Exchange Rate,20260623,200905,102.77
FX180110001,Nominal Effective Exchange Rate,CY 2020=100,MONTHLY,Effective Exchange Rate,20260623,200906,101.92
FX180110001,Nominal Effective Exchange Rate,CY 2020=100,MONTHLY,Effective Exchange Rate,20260623,200907,104.07
FX180110001,Nominal Effective Exchange Rate,CY 2020=100,MONTHLY,Effective Exchange Rate,20260623,200908,102.96
FX180110001,Nominal Effective Exchange Rate,CY 2020=100,MONTHLY,Effective Exchange Rate,20260623,200909,105.95
FX180110001,Nominal Effective Exchange Rate,CY 2020=100,MONTHLY,Effective Exchange Rate,20260623,200910,106.01
FX180110001,Nominal Effective Exchange Rate,CY 2020=100,MONTHLY,Effective Exchange Rate,20260623,200911,107.1
FX180110001,Nominal Effective Exchange Rate,CY 2020=100,MONTHLY,Effective Exchange Rate,20260623,200912,106.82
FX180110001,Nominal Effective Exchange Rate,CY 2020=100,MONTHLY,Effective Exchange Rate,20260623,201001,105.06
FX180110001,Nominal Effective Exchange Rate,CY 2020=100,MONTHLY,Effective Exchange Rate,20260623,201002,107.66
FX180110001,Nominal Effective Exchange Rate,CY 2020=100,MONTHLY,Effective Exchange Rate,20260623,201003,106.63
FX180110001,Nominal Effective Exchange Rate,CY 2020=100,MONTHLY,Effective Exchange Rate,20260623,201004,102.99
FX180110001,Nominal Effective Exchange Rate,CY 2020=100,MONTHLY,Effective Exchange Rate,20260623,201005,106.8
FX180110001,Nominal Effective Exchange Rate,CY 2020=100,MONTHLY,Effective Exchange Rate,20260623,201006,109.21
FX180110001,Nominal Effective Exchange Rate,CY 2020=100,MONTHLY,Effective Exchange Rate,20260623,201007,111.92
FX180110001,Nominal Effective Exchange Rate,CY 2020=100,MONTHLY,Effective Exchange Rate,20260623,201008,113.95
FX180110001,Nominal Effective Exchange Rate,CY 2020=100,MONTHLY,Effective Exchange Rate,20260623,201009,114.17
FX180110001,Nominal Effective Exchange Rate,CY 2020=100,MONTHLY,Effective Exchange Rate,20260623,201010,115.12
FX180110001,Nominal Effective Exchange Rate,CY 2020=100,MONTHLY,Effective Exchange Rate,20260623,201011,114.41
FX180110001,Nominal Effective Exchange Rate,CY 2020=100,MONTHLY,Effective Exchange Rate,20260623,201012,114.03
FX180110001,Nominal Effective Exchange Rate,CY 2020=100,MONTHLY,Effective Exchange Rate,20260623,201101,114.04
FX180110001,Nominal Effective Exchange Rate,CY 2020=100,MONTHLY,Effective Exchange Rate,20260623,201102,113.4
FX180110001,Nominal Effective Exchange Rate,CY 2020=100,MONTHLY,Effective Exchange Rate,20260623,201103,113.89
FX180110001,Nominal Effective Exchange Rate,CY 2020=100,MONTHLY,Effective Exchange Rate,20260623,201104,110.07
FX180110001,Nominal Effective Exchange Rate,CY 2020=100,MONTHLY,Effective Exchange Rate,20260623,201105,112.95
FX180110001,Nominal Effective Exchange Rate,CY 2020=100,MONTHLY,Effective Exchange Rate,20260623,201106,113.84
FX180110001,Nominal Effective Exchange Rate,CY 2020=100,MONTHLY,Effective Exchange Rate,20260623,201107,114.95
FX180110001,Nominal Effective Exchange Rate,CY 2020=100,MONTHLY,Effective Exchange Rate,20260623,201108,118.45
FX180110001,Nominal Effective Exchange Rate,CY 2020=100,MONTHLY,Effective Exchange Rate,20260623,201109,121.14
FX180110001,Nominal Effective Exchange Rate,CY 2020=100,MONTHLY,Effective Exchange Rate,20260623,201110,122.2
FX180110001,Nominal Effective Exchange Rate,CY 2020=100,MONTHLY,Effective Exchange Rate,20260623,201111,121.15
FX180110001,Nominal Effective Exchange Rate,CY 2020=100,MONTHLY,Effective Exchange Rate,20260623,201112,121.44
FX180110001,Nominal Effective Exchange Rate,CY 2020=100,MONTHLY,Effective Exchange Rate,20260623,201201,122.67
FX180110001,Nominal Effective Exchange Rate,CY 2020=100,MONTHLY,Effective Exchange Rate,20260623,201202,118.71
FX180110001,Nominal Effective Exchange Rate,CY 2020=100,MONTHLY,Effective Exchange Rate,20260623,201203,113.21
FX180110001,Nominal Effective Exchange Rate,CY 2020=100,MONTHLY,Effective Exchange Rate,20260623,201204,115.04
FX180110001,Nominal Effective Exchange Rate,CY 2020=100,MONTHLY,Effective Exchange Rate,20260623,201205,118.82
FX180110001,Nominal Effective Exchange Rate,CY 2020=100,MONTHLY,Effective Exchange Rate,20260623,201206,120.82
FX180110001,Nominal Effective Exchange Rate,CY 2020=100,MONTHLY,Effective Exchange Rate,20260623,201207,121.16
FX180110001,Nominal Effective Exchange Rate,CY 2020=100,MONTHLY,Effective Exchange Rate,20260623,201208,121.01
FX180110001,Nominal Effective Exchange Rate,CY 2020=100,MONTHLY,Effective Exchange Rate,20260623,201209,120.46
FX180110001,Nominal Effective Exchange Rate,CY 2020=100,MONTHLY,Effective Exchange Rate,20260623,201210,118.5
FX180110001,Nominal Effective Exchange Rate,CY 2020=100,MONTHLY,Effective Exchange Rate,20260623,201211,115.53
FX180110001,Nominal Effective Exchange Rate,CY 2020=100,MONTHLY,Effective Exchange Rate,20260623,201212,111.27
FX180110001,Nominal Effective Exchange Rate,CY 2020=100,MONTHLY,Effective Exchange Rate,20260623,201301,104.07
FX180110001,Nominal Effective Exchange Rate,CY 2020=100,MONTHLY,Effective Exchange Rate,20260623,201302,99.8
FX180110001,Nominal Effective Exchange Rate,CY 2020=100,MONTHLY,Effective Exchange Rate,20260623,201303,98.59
FX180110001,Nominal Effective Exchange Rate,CY 2020=100,MONTHLY,Effective Exchange Rate,20260623,201304,95.24
FX180110001,Nominal Effective Exchange Rate,CY 2020=100,MONTHLY,Effective Exchange Rate,20260623,201305,92.38
FX180110001,Nominal Effective Exchange Rate,CY 2020=100,MONTHLY,Effective Exchange Rate,20260623,201306,96.42
FX180110001,Nominal Effective Exchange Rate,CY 2020=100,MONTHLY,Effective Exchange Rate,20260623,201307,94.53
FX180110001,Nominal Effective Exchange Rate,CY 2020=100,MONTHLY,Effective Exchange Rate,20260623,201308,96.22
FX180110001,Nominal Effective Exchange Rate,CY 2020=100,MONTHLY,Effective Exchange Rate,20260623,201309,94.72
FX180110001,Nominal Effective Exchange Rate,CY 2020=100,MONTHLY,Effective Exchange Rate,20260623,201310,95.15
FX180110001,Nominal Effective Exchange Rate,CY 2020=100,MONTHLY,Effective Exchange Rate,20260623,201311,93.49
FX180110001,Nominal Effective Exchange Rate,CY 2020=100,MONTHLY,Effective Exchange Rate,20260623,201312,90.34
FX180110001,Nominal Effective Exchange Rate,CY 2020=100,MONTHLY,Effective Exchange Rate,20260623,201401,90.3
FX180110001,Nominal Effective Exchange Rate,CY 2020=100,MONTHLY,Effective Exchange Rate,20260623,201402,92.18
FX180110001,Nominal Effective Exchange Rate,CY 2020=100,MONTHLY,Effective Exchange Rate,20260623,201403,91.96
FX180110001,Nominal Effective Exchange Rate,CY 2020=100,MONTHLY,Effective Exchange Rate,20260623,201404,91.71
FX180110001,Nominal Effective Exchange Rate,CY 2020=100,MONTHLY,Effective Exchange Rate,20260623,201405,92.29
FX180110001,Nominal Effective Exchange Rate,CY 2020=100,MONTHLY,Effective Exchange Rate,20260623,201406,92.18
FX180110001,Nominal Effective Exchange Rate,CY 2020=100,MONTHLY,Effective Exchange Rate,20260623,201407,92.25
FX180110001,Nominal Effective Exchange Rate,CY 2020=100,MONTHLY,Effective Exchange Rate,20260623,201408,91.4
FX180110001,Nominal Effective Exchange Rate,CY 2020=100,MONTHLY,Effective Exchange Rate,20260623,201409,88.48
FX180110001,Nominal Effective Exchange Rate,CY 2020=100,MONTHLY,Effective Exchange Rate,20260623,201410,88.63
FX180110001,Nominal Effective Exchange Rate,CY 2020=100,MONTHLY,Effective Exchange Rate,20260623,201411,83.05
FX180110001,Nominal Effective Exchange Rate,CY 2020=100,MONTHLY,Effective Exchange Rate,20260623,201412,82
FX180110001,Nominal Effective Exchange Rate,CY 2020=100,MONTHLY,Effective Exchange Rate,20260623,201501,83.78
FX180110001,Nominal Effective Exchange Rate,CY 2020=100,MONTHLY,Effective Exchange Rate,20260623,201502,84.19
FX180110001,Nominal Effective Exchange Rate,CY 2020=100,MONTHLY,Effective Exchange Rate,20260623,201503,83.89
FX180110001,Nominal Effective Exchange Rate,CY 2020=100,MONTHLY,Effective Exchange Rate,20260623,201504,83.86
FX180110001,Nominal Effective Exchange Rate,CY 2020=100,MONTHLY,Effective Exchange Rate,20260623,201505,82.55
FX180110001,Nominal Effective Exchange Rate,CY 2020=100,MONTHLY,Effective Exchange Rate,20260623,201506,80.98
FX180110001,Nominal Effective Exchange Rate,CY 2020=100,MONTHLY,Effective Exchange Rate,20260623,201507,81.98
FX180110001,Nominal Effective Exchange Rate,CY 2020=100,MONTHLY,Effective Exchange Rate,20260623,201508,83.49
FX180110001,Nominal Effective Exchange Rate,CY 2020=100,MONTHLY,Effective Exchange Rate,20260623,201509,86.18
FX180110001,Nominal Effective Exchange Rate,CY 2020=100,MONTHLY,Effective Exchange Rate,20260623,201510,85.67
FX180110001,Nominal Effective Exchange Rate,CY 2020=100,MONTHLY,Effective Exchange Rate,20260623,201511,84.82
FX180110001,Nominal Effective Exchange Rate,CY 2020=100,MONTHLY,Effective Exchange Rate,20260623,201512,85.99
FX180110001,Nominal Effective Exchange Rate,CY 2020=100,MONTHLY,Effective Exchange Rate,20260623,201601,89.72
FX180110001,Nominal Effective Exchange Rate,CY 2020=100,MONTHLY,Effective Exchange Rate,20260623,201602,91.84
FX180110001,Nominal Effective Exchange Rate,CY 2020=100,MONTHLY,Effective Exchange Rate,20260623,201603,92.27
FX180110001,Nominal Effective Exchange Rate,CY 2020=100,MONTHLY,Effective Exchange Rate,20260623,201604,94.06
FX180110001,Nominal Effective Exchange Rate,CY 2020=100,MONTHLY,Effective Exchange Rate,20260623,201605,95.44
FX180110001,Nominal Effective Exchange Rate,CY 2020=100,MONTHLY,Effective Exchange Rate,20260623,201606,98.89
FX180110001,Nominal Effective Exchange Rate,CY 2020=100,MONTHLY,Effective Exchange Rate,20260623,201607,100.65
FX180110001,Nominal Effective Exchange Rate,CY 2020=100,MONTHLY,Effective Exchange Rate,20260623,201608,102.79
FX180110001,Nominal Effective Exchange Rate,CY 2020=100,MONTHLY,Effective Exchange Rate,20260623,201609,102.42
FX180110001,Nominal Effective Exchange Rate,CY 2020=100,MONTHLY,Effective Exchange Rate,20260623,201610,101.38
FX180110001,Nominal Effective Exchange Rate,CY 2020=100,MONTHLY,Effective Exchange Rate,20260623,201611,98.67
FX180110001,Nominal Effective Exchange Rate,CY 2020=100,MONTHLY,Effective Exchange Rate,20260623,201612,93.09
FX180110001,Nominal Effective Exchange Rate,CY 2020=100,MONTHLY,Effective Exchange Rate,20260623,201701,93.61
FX180110001,Nominal Effective Exchange Rate,CY 2020=100,MONTHLY,Effective Exchange Rate,20260623,201702,94.61
FX180110001,Nominal Effective Exchange Rate,CY 2020=100,MONTHLY,Effective Exchange Rate,20260623,201703,94.48
FX180110001,Nominal Effective Exchange Rate,CY 2020=100,MONTHLY,Effective Exchange Rate,20260623,201704,96.57
FX180110001,Nominal Effective Exchange Rate,CY 2020=100,MONTHLY,Effective Exchange Rate,20260623,201705,94.19
FX180110001,Nominal Effective Exchange Rate,CY 2020=100,MONTHLY,Effective Exchange Rate,20260623,201706,94.55
FX180110001,Nominal Effective Exchange Rate,CY 2020=100,MONTHLY,Effective Exchange Rate,20260623,201707,92.62
FX180110001,Nominal Effective Exchange Rate,CY 2020=100,MONTHLY,Effective Exchange Rate,20260623,201708,93.88
FX180110001,Nominal Effective Exchange Rate,CY 2020=100,MONTHLY,Effective Exchange Rate,20260623,201709,92.34
FX180110001,Nominal Effective Exchange Rate,CY 2020=100,MONTHLY,Effective Exchange Rate,20260623,201710,91.32
FX180110001,Nominal Effective Exchange Rate,CY 2020=100,MONTHLY,Effective Exchange Rate,20260623,201711,91.31
FX180110001,Nominal Effective Exchange Rate,CY 2020=100,MONTHLY,Effective Exchange Rate,20260623,201712,90.68
FX180110001,Nominal Effective Exchange Rate,CY 2020=100,MONTHLY,Effective Exchange Rate,20260623,201801,90.5
FX180110001,Nominal Effective Exchange Rate,CY 2020=100,MONTHLY,Effective Exchange Rate,20260623,201802,92.34
FX180110001,Nominal Effective Exchange Rate,CY 2020=100,MONTHLY,Effective Exchange Rate,20260623,201803,94.03
FX180110001,Nominal Effective Exchange Rate,CY 2020=100,MONTHLY,Effective Exchange Rate,20260623,201804,92.83
FX180110001,Nominal Effective Exchange Rate,CY 2020=100,MONTHLY,Effective Exchange Rate,20260623,201805,92.66
FX180110001,Nominal Effective Exchange Rate,CY 2020=100,MONTHLY,Effective Exchange Rate,20260623,201806,93.38
FX180110001,Nominal Effective Exchange Rate,CY 2020=100,MONTHLY,Effective Exchange Rate,20260623,201807,93.75
FX180110001,Nominal Effective Exchange Rate,CY 2020=100,MONTHLY,Effective Exchange Rate,20260623,201808,95.14
FX180110001,Nominal Effective Exchange Rate,CY 2020=100,MONTHLY,Effective Exchange Rate,20260623,201809,94.41
FX180110001,Nominal Effective Exchange Rate,CY 2020=100,MONTHLY,Effective Exchange Rate,20260623,201810,94.3
FX180110001,Nominal Effective Exchange Rate,CY 2020=100,MONTHLY,Effective Exchange Rate,20260623,201811,94.07
FX180110001,Nominal Effective Exchange Rate,CY 2020=100,MONTHLY,Effective Exchange Rate,20260623,201812,94.76
FX180110001,Nominal Effective Exchange Rate,CY 2020=100,MONTHLY,Effective Exchange Rate,20260623,201901,96.71
FX180110001,Nominal Effective Exchange Rate,CY 2020=100,MONTHLY,Effective Exchange Rate,20260623,201902,95.16
FX180110001,Nominal Effective Exchange Rate,CY 2020=100,MONTHLY,Effective Exchange Rate,20260623,201903,94.56
FX180110001,Nominal Effective Exchange Rate,CY 2020=100,MONTHLY,Effective Exchange Rate,20260623,201904,94.36
FX180110001,Nominal Effective Exchange Rate,CY 2020=100,MONTHLY,Effective Exchange Rate,20260623,201905,97.01
FX180110001,Nominal Effective Exchange Rate,CY 2020=100,MONTHLY,Effective Exchange Rate,20260623,201906,98.5
FX180110001,Nominal Effective Exchange Rate,CY 2020=100,MONTHLY,Effective Exchange Rate,20260623,201907,98.16
FX180110001,Nominal Effective Exchange Rate,CY 2020=100,MONTHLY,Effective Exchange Rate,20260623,201908,101.73
FX180110001,Nominal Effective Exchange Rate,CY 2020=100,MONTHLY,Effective Exchange Rate,20260623,201909,100.78
FX180110001,Nominal Effective Exchange Rate,CY 2020=100,MONTHLY,Effective Exchange Rate,20260623,201910,99.76
FX180110001,Nominal Effective Exchange Rate,CY 2020=100,MONTHLY,Effective Exchange Rate,20260623,201911,98.48
FX180110001,Nominal Effective Exchange Rate,CY 2020=100,MONTHLY,Effective Exchange Rate,20260623,201912,98.01
FX180110001,Nominal Effective Exchange Rate,CY 2020=100,MONTHLY,Effective Exchange Rate,20260623,202001,97.22
FX180110001,Nominal Effective Exchange Rate,CY 2020=100,MONTHLY,Effective Exchange Rate,20260623,202002,97.8
FX180110001,Nominal Effective Exchange Rate,CY 2020=100,MONTHLY,Effective Exchange Rate,20260623,202003,101.39
FX180110001,Nominal Effective Exchange Rate,CY 2020=100,MONTHLY,Effective Exchange Rate,20260623,202004,102.38
FX180110001,Nominal Effective Exchange Rate,CY 2020=100,MONTHLY,Effective Exchange Rate,20260623,202005,102.67
FX180110001,Nominal Effective Exchange Rate,CY 2020=100,MONTHLY,Effective Exchange Rate,20260623,202006,100.71
FX180110001,Nominal Effective Exchange Rate,CY 2020=100,MONTHLY,Effective Exchange Rate,20260623,202007,100.66
FX180110001,Nominal Effective Exchange Rate,CY 2020=100,MONTHLY,Effective Exchange Rate,20260623,202008,100.12
FX180110001,Nominal Effective Exchange Rate,CY 2020=100,MONTHLY,Effective Exchange Rate,20260623,202009,100.01
FX180110001,Nominal Effective Exchange Rate,CY 2020=100,MONTHLY,Effective Exchange Rate,20260623,202010,99.71
FX180110001,Nominal Effective Exchange Rate,CY 2020=100,MONTHLY,Effective Exchange Rate,20260623,202011,99.05
FX180110001,Nominal Effective Exchange Rate,CY 2020=100,MONTHLY,Effective Exchange Rate,20260623,202012,98.29
FX180110001,Nominal Effective Exchange Rate,CY 2020=100,MONTHLY,Effective Exchange Rate,20260623,202101,97.77
FX180110001,Nominal Effective Exchange Rate,CY 2020=100,MONTHLY,Effective Exchange Rate,20260623,202102,96.28
FX180110001,Nominal Effective Exchange Rate,CY 2020=100,MONTHLY,Effective Exchange Rate,20260623,202103,94.45
FX180110001,Nominal Effective Exchange Rate,CY 2020=100,MONTHLY,Effective Exchange Rate,20260623,202104,94.08
FX180110001,Nominal Effective Exchange Rate,CY 2020=100,MONTHLY,Effective Exchange Rate,20260623,202105,92.99
FX180110001,Nominal Effective Exchange Rate,CY 2020=100,MONTHLY,Effective Exchange Rate,20260623,202106,92.29
FX180110001,Nominal Effective Exchange Rate,CY 2020=100,MONTHLY,Effective Exchange Rate,20260623,202107,93.38
FX180110001,Nominal Effective Exchange Rate,CY 2020=100,MONTHLY,Effective Exchange Rate,20260623,202108,93.91
FX180110001,Nominal Effective Exchange Rate,CY 2020=100,MONTHLY,Effective Exchange Rate,20260623,202109,93.49
FX180110001,Nominal Effective Exchange Rate,CY 2020=100,MONTHLY,Effective Exchange Rate,20260623,202110,91.34
FX180110001,Nominal Effective Exchange Rate,CY 2020=100,MONTHLY,Effective Exchange Rate,20260623,202111,90.89
FX180110001,Nominal Effective Exchange Rate,CY 2020=100,MONTHLY,Effective Exchange Rate,20260623,202112,91.31
FX180110001,Nominal Effective Exchange Rate,CY 2020=100,MONTHLY,Effective Exchange Rate,20260623,202201,90.31
FX180110001,Nominal Effective Exchange Rate,CY 2020=100,MONTHLY,Effective Exchange Rate,20260623,202202,89.97
FX180110001,Nominal Effective Exchange Rate,CY 2020=100,MONTHLY,Effective Exchange Rate,20260623,202203,88.5
FX180110001,Nominal Effective Exchange Rate,CY 2020=100,MONTHLY,Effective Exchange Rate,20260623,202204,83.82
FX180110001,Nominal Effective Exchange Rate,CY 2020=100,MONTHLY,Effective Exchange Rate,20260623,202205,84.34
FX180110001,Nominal Effective Exchange Rate,CY 2020=100,MONTHLY,Effective Exchange Rate,20260623,202206,81.25
FX180110001,Nominal Effective Exchange Rate,CY 2020=100,MONTHLY,Effective Exchange Rate,20260623,202207,80.96
FX180110001,Nominal Effective Exchange Rate,CY 2020=100,MONTHLY,Effective Exchange Rate,20260623,202208,82.19
FX180110001,Nominal Effective Exchange Rate,CY 2020=100,MONTHLY,Effective Exchange Rate,20260623,202209,79.83
FX180110001,Nominal Effective Exchange Rate,CY 2020=100,MONTHLY,Effective Exchange Rate,20260623,202210,78.92
FX180110001,Nominal Effective Exchange Rate,CY 2020=100,MONTHLY,Effective Exchange Rate,20260623,202211,80.24
FX180110001,Nominal Effective Exchange Rate,CY 2020=100,MONTHLY,Effective Exchange Rate,20260623,202212,82.55
FX180110001,Nominal Effective Exchange Rate,CY 2020=100,MONTHLY,Effective Exchange Rate,20260623,202301,83.68
FX180110001,Nominal Effective Exchange Rate,CY 2020=100,MONTHLY,Effective Exchange Rate,20260623,202302,82.7
FX180110001,Nominal Effective Exchange Rate,CY 2020=100,MONTHLY,Effective Exchange Rate,20260623,202303,82.86
FX180110001,Nominal Effective Exchange Rate,CY 2020=100,MONTHLY,Effective Exchange Rate,20260623,202304,82.4
FX180110001,Nominal Effective Exchange Rate,CY 2020=100,MONTHLY,Effective Exchange Rate,20260623,202305,80.9
FX180110001,Nominal Effective Exchange Rate,CY 2020=100,MONTHLY,Effective Exchange Rate,20260623,202306,79.35
FX180110001,Nominal Effective Exchange Rate,CY 2020=100,MONTHLY,Effective Exchange Rate,20260623,202307,79.2
FX180110001,Nominal Effective Exchange Rate,CY 2020=100,MONTHLY,Effective Exchange Rate,20260623,202308,78.1
FX180110001,Nominal Effective Exchange Rate,CY 2020=100,MONTHLY,Effective Exchange Rate,20260623,202309,77.42
FX180110001,Nominal Effective Exchange Rate,CY 2020=100,MONTHLY,Effective Exchange Rate,20260623,202310,76.93
FX180110001,Nominal Effective Exchange Rate,CY 2020=100,MONTHLY,Effective Exchange Rate,20260623,202311,75.67
FX180110001,Nominal Effective Exchange Rate,CY 2020=100,MONTHLY,Effective Exchange Rate,20260623,202312,77.87
FX180110001,Nominal Effective Exchange Rate,CY 2020=100,MONTHLY,Effective Exchange Rate,20260623,202401,76.96
FX180110001,Nominal Effective Exchange Rate,CY 2020=100,MONTHLY,Effective Exchange Rate,20260623,202402,75.76
FX180110001,Nominal Effective Exchange Rate,CY 2020=100,MONTHLY,Effective Exchange Rate,20260623,202403,75.62
FX180110001,Nominal Effective Exchange Rate,CY 2020=100,MONTHLY,Effective Exchange Rate,20260623,202404,74.45
FX180110001,Nominal Effective Exchange Rate,CY 2020=100,MONTHLY,Effective Exchange Rate,20260623,202405,73.17
FX180110001,Nominal Effective Exchange Rate,CY 2020=100,MONTHLY,Effective Exchange Rate,20260623,202406,72.5
FX180110001,Nominal Effective Exchange Rate,CY 2020=100,MONTHLY,Effective Exchange Rate,20260623,202407,72.4
FX180110001,Nominal Effective Exchange Rate,CY 2020=100,MONTHLY,Effective Exchange Rate,20260623,202408,76.93
FX180110001,Nominal Effective Exchange Rate,CY 2020=100,MONTHLY,Effective Exchange Rate,20260623,202409,77.67
FX180110001,Nominal Effective Exchange Rate,CY 2020=100,MONTHLY,Effective Exchange Rate,20260623,202410,74.93
FX180110001,Nominal Effective Exchange Rate,CY 2020=100,MONTHLY,Effective Exchange Rate,20260623,202411,74.37
FX180110001,Nominal Effective Exchange Rate,CY 2020=100,MONTHLY,Effective Exchange Rate,20260623,202412,74.84
FX180110001,Nominal Effective Exchange Rate,CY 2020=100,MONTHLY,Effective Exchange Rate,20260623,202501,74.16
FX180110001,Nominal Effective Exchange Rate,CY 2020=100,MONTHLY,Effective Exchange Rate,20260623,202502,75.98
FX180110001,Nominal Effective Exchange Rate,CY 2020=100,MONTHLY,Effective Exchange Rate,20260623,202503,76.63
FX180110001,Nominal Effective Exchange Rate,CY 2020=100,MONTHLY,Effective Exchange Rate,20260623,202504,78.83
FX180110001,Nominal Effective Exchange Rate,CY 2020=100,MONTHLY,Effective Exchange Rate,20260623,202505,77.12
FX180110001,Nominal Effective Exchange Rate,CY 2020=100,MONTHLY,Effective Exchange Rate,20260623,202506,76.46
FX180110001,Nominal Effective Exchange Rate,CY 2020=100,MONTHLY,Effective Exchange Rate,20260623,202507,74.98
FX180110001,Nominal Effective Exchange Rate,CY 2020=100,MONTHLY,Effective Exchange Rate,20260623,202508,74.86
FX180110001,Nominal Effective Exchange Rate,CY 2020=100,MONTHLY,Effective Exchange Rate,20260623,202509,74.41
FX180110001,Nominal Effective Exchange Rate,CY 2020=100,MONTHLY,Effective Exchange Rate,20260623,202510,72.98
FX180110001,Nominal Effective Exchange Rate,CY 2020=100,MONTHLY,Effective Exchange Rate,20260623,202511,71.46
FX180110001,Nominal Effective Exchange Rate,CY 2020=100,MONTHLY,Effective Exchange Rate,20260623,202512,70.53
FX180110001,Nominal Effective Exchange Rate,CY 2020=100,MONTHLY,Effective Exchange Rate,20260623,202601,69.73
FX180110001,Nominal Effective Exchange Rate,CY 2020=100,MONTHLY,Effective Exchange Rate,20260623,202602,69.88
FX180110001,Nominal Effective Exchange Rate,CY 2020=100,MONTHLY,Effective Exchange Rate,20260623,202603,69.09
FX180110001,Nominal Effective Exchange Rate,CY 2020=100,MONTHLY,Effective Exchange Rate,20260623,202604,68.46
FX180110001,Nominal Effective Exchange Rate,CY 2020=100,MONTHLY,Effective Exchange Rate,20260623,202605,68.73
FX180110002,Real Effective Exchange Rate,CY 2020=100,MONTHLY,Effective Exchange Rate,20260623,197001,75.09
FX180110002,Real Effective Exchange Rate,CY 2020=100,MONTHLY,Effective Exchange Rate,20260623,197002,74.66
FX180110002,Real Effective Exchange Rate,CY 2020=100,MONTHLY,Effective Exchange Rate,20260623,197003,74.93
FX180110002,Real Effective Exchange Rate,CY 2020=100,MONTHLY,Effective Exchange Rate,20260623,197004,75
FX180110002,Real Effective Exchange Rate,CY 2020=100,MONTHLY,Effective Exchange Rate,20260623,197005,74.49
FX180110002,Real Effective Exchange Rate,CY 2020=100,MONTHLY,Effective Exchange Rate,20260623,197006,74.37
FX180110002,Real Effective Exchange Rate,CY 2020=100,MONTHLY,Effective Exchange Rate,20260623,197007,73.86
FX180110002,Real Effective Exchange Rate,CY 2020=100,MONTHLY,Effective Exchange Rate,20260623,197008,73.53
FX180110002,Real Effective Exchange Rate,CY 2020=100,MONTHLY,Effective Exchange Rate,20260623,197009,74.23
FX180110002,Real Effective Exchange Rate,CY 2020=100,MONTHLY,Effective Exchange Rate,20260623,197010,75.11
FX180110002,Real Effective Exchange Rate,CY 2020=100,MONTHLY,Effective Exchange Rate,20260623,197011,74.97
FX180110002,Real Effective Exchange Rate,CY 2020=100,MONTHLY,Effective Exchange Rate,20260623,197012,75.05
FX180110002,Real Effective Exchange Rate,CY 2020=100,MONTHLY,Effective Exchange Rate,20260623,197101,74.98
FX180110002,Real Effective Exchange Rate,CY 2020=100,MONTHLY,Effective Exchange Rate,20260623,197102,74.79
FX180110002,Real Effective Exchange Rate,CY 2020=100,MONTHLY,Effective Exchange Rate,20260623,197103,74.72
FX180110002,Real Effective Exchange Rate,CY 2020=100,MONTHLY,Effective Exchange Rate,20260623,197104,75.5
FX180110002,Real Effective Exchange Rate,CY 2020=100,MONTHLY,Effective Exchange Rate,20260623,197105,75.37
FX180110002,Real Effective Exchange Rate,CY 2020=100,MONTHLY,Effective Exchange Rate,20260623,197106,75.32
FX180110002,Real Effective Exchange Rate,CY 2020=100,MONTHLY,Effective Exchange Rate,20260623,197107,75.6
FX180110002,Real Effective Exchange Rate,CY 2020=100,MONTHLY,Effective Exchange Rate,20260623,197108,75.22
FX180110002,Real Effective Exchange Rate,CY 2020=100,MONTHLY,Effective Exchange Rate,20260623,197109,80.46
FX180110002,Real Effective Exchange Rate,CY 2020=100,MONTHLY,Effective Exchange Rate,20260623,197110,81.93
FX180110002,Real Effective Exchange Rate,CY 2020=100,MONTHLY,Effective Exchange Rate,20260623,197111,81.58
FX180110002,Real Effective Exchange Rate,CY 2020=100,MONTHLY,Effective Exchange Rate,20260623,197112,82.7
FX180110002,Real Effective Exchange Rate,CY 2020=100,MONTHLY,Effective Exchange Rate,20260623,197201,83.74
FX180110002,Real Effective Exchange Rate,CY 2020=100,MONTHLY,Effective Exchange Rate,20260623,197202,85.31
FX180110002,Real Effective Exchange Rate,CY 2020=100,MONTHLY,Effective Exchange Rate,20260623,197203,86.34
FX180110002,Real Effective Exchange Rate,CY 2020=100,MONTHLY,Effective Exchange Rate,20260623,197204,86.97
FX180110002,Real Effective Exchange Rate,CY 2020=100,MONTHLY,Effective Exchange Rate,20260623,197205,86.6
FX180110002,Real Effective Exchange Rate,CY 2020=100,MONTHLY,Effective Exchange Rate,20260623,197206,86.92
FX180110002,Real Effective Exchange Rate,CY 2020=100,MONTHLY,Effective Exchange Rate,20260623,197207,87.27
FX180110002,Real Effective Exchange Rate,CY 2020=100,MONTHLY,Effective Exchange Rate,20260623,197208,87.32
FX180110002,Real Effective Exchange Rate,CY 2020=100,MONTHLY,Effective Exchange Rate,20260623,197209,87.53
FX180110002,Real Effective Exchange Rate,CY 2020=100,MONTHLY,Effective Exchange Rate,20260623,197210,88.23
FX180110002,Real Effective Exchange Rate,CY 2020=100,MONTHLY,Effective Exchange Rate,20260623,197211,88.05
FX180110002,Real Effective Exchange Rate,CY 2020=100,MONTHLY,Effective Exchange Rate,20260623,197212,88.32
FX180110002,Real Effective Exchange Rate,CY 2020=100,MONTHLY,Effective Exchange Rate,20260623,197301,88.52
FX180110002,Real Effective Exchange Rate,CY 2020=100,MONTHLY,Effective Exchange Rate,20260623,197302,93.78
FX180110002,Real Effective Exchange Rate,CY 2020=100,MONTHLY,Effective Exchange Rate,20260623,197303,99.53
FX180110002,Real Effective Exchange Rate,CY 2020=100,MONTHLY,Effective Exchange Rate,20260623,197304,99.42
FX180110002,Real Effective Exchange Rate,CY 2020=100,MONTHLY,Effective Exchange Rate,20260623,197305,99.8
FX180110002,Real Effective Exchange Rate,CY 2020=100,MONTHLY,Effective Exchange Rate,20260623,197306,97.74
FX180110002,Real Effective Exchange Rate,CY 2020=100,MONTHLY,Effective Exchange Rate,20260623,197307,96.16
FX180110002,Real Effective Exchange Rate,CY 2020=100,MONTHLY,Effective Exchange Rate,20260623,197308,96.54
FX180110002,Real Effective Exchange Rate,CY 2020=100,MONTHLY,Effective Exchange Rate,20260623,197309,98.51
FX180110002,Real Effective Exchange Rate,CY 2020=100,MONTHLY,Effective Exchange Rate,20260623,197310,96.96
FX180110002,Real Effective Exchange Rate,CY 2020=100,MONTHLY,Effective Exchange Rate,20260623,197311,94.19
FX180110002,Real Effective Exchange Rate,CY 2020=100,MONTHLY,Effective Exchange Rate,20260623,197312,96.76
FX180110002,Real Effective Exchange Rate,CY 2020=100,MONTHLY,Effective Exchange Rate,20260623,197401,94.93
FX180110002,Real Effective Exchange Rate,CY 2020=100,MONTHLY,Effective Exchange Rate,20260623,197402,96.93
FX180110002,Real Effective Exchange Rate,CY 2020=100,MONTHLY,Effective Exchange Rate,20260623,197403,98.2
FX180110002,Real Effective Exchange Rate,CY 2020=100,MONTHLY,Effective Exchange Rate,20260623,197404,100.61
FX180110002,Real Effective Exchange Rate,CY 2020=100,MONTHLY,Effective Exchange Rate,20260623,197405,99.06
FX180110002,Real Effective Exchange Rate,CY 2020=100,MONTHLY,Effective Exchange Rate,20260623,197406,98.27
FX180110002,Real Effective Exchange Rate,CY 2020=100,MONTHLY,Effective Exchange Rate,20260623,197407,96.34
FX180110002,Real Effective Exchange Rate,CY 2020=100,MONTHLY,Effective Exchange Rate,20260623,197408,93.12
FX180110002,Real Effective Exchange Rate,CY 2020=100,MONTHLY,Effective Exchange Rate,20260623,197409,94.68
FX180110002,Real Effective Exchange Rate,CY 2020=100,MONTHLY,Effective Exchange Rate,20260623,197410,95.54
FX180110002,Real Effective Exchange Rate,CY 2020=100,MONTHLY,Effective Exchange Rate,20260623,197411,94.42
FX180110002,Real Effective Exchange Rate,CY 2020=100,MONTHLY,Effective Exchange Rate,20260623,197412,94.4
FX180110002,Real Effective Exchange Rate,CY 2020=100,MONTHLY,Effective Exchange Rate,20260623,197501,94.16
FX180110002,Real Effective Exchange Rate,CY 2020=100,MONTHLY,Effective Exchange Rate,20260623,197502,95.47
FX180110002,Real Effective Exchange Rate,CY 2020=100,MONTHLY,Effective Exchange Rate,20260623,197503,96.55
FX180110002,Real Effective Exchange Rate,CY 2020=100,MONTHLY,Effective Exchange Rate,20260623,197504,96.67
FX180110002,Real Effective Exchange Rate,CY 2020=100,MONTHLY,Effective Exchange Rate,20260623,197505,96.25
FX180110002,Real Effective Exchange Rate,CY 2020=100,MONTHLY,Effective Exchange Rate,20260623,197506,94.98
FX180110002,Real Effective Exchange Rate,CY 2020=100,MONTHLY,Effective Exchange Rate,20260623,197507,95.48
FX180110002,Real Effective Exchange Rate,CY 2020=100,MONTHLY,Effective Exchange Rate,20260623,197508,95.52
FX180110002,Real Effective Exchange Rate,CY 2020=100,MONTHLY,Effective Exchange Rate,20260623,197509,96.87
FX180110002,Real Effective Exchange Rate,CY 2020=100,MONTHLY,Effective Exchange Rate,20260623,197510,96.63
FX180110002,Real Effective Exchange Rate,CY 2020=100,MONTHLY,Effective Exchange Rate,20260623,197511,95.7
FX180110002,Real Effective Exchange Rate,CY 2020=100,MONTHLY,Effective Exchange Rate,20260623,197512,94.8
FX180110002,Real Effective Exchange Rate,CY 2020=100,MONTHLY,Effective Exchange Rate,20260623,197601,96.12
FX180110002,Real Effective Exchange Rate,CY 2020=100,MONTHLY,Effective Exchange Rate,20260623,197602,97.28
FX180110002,Real Effective Exchange Rate,CY 2020=100,MONTHLY,Effective Exchange Rate,20260623,197603,98.13
FX180110002,Real Effective Exchange Rate,CY 2020=100,MONTHLY,Effective Exchange Rate,20260623,197604,100.81
FX180110002,Real Effective Exchange Rate,CY 2020=100,MONTHLY,Effective Exchange Rate,20260623,197605,100.73
FX180110002,Real Effective Exchange Rate,CY 2020=100,MONTHLY,Effective Exchange Rate,20260623,197606,100.71
FX180110002,Real Effective Exchange Rate,CY 2020=100,MONTHLY,Effective Exchange Rate,20260623,197607,102.3
FX180110002,Real Effective Exchange Rate,CY 2020=100,MONTHLY,Effective Exchange Rate,20260623,197608,102.19
FX180110002,Real Effective Exchange Rate,CY 2020=100,MONTHLY,Effective Exchange Rate,20260623,197609,105.88
FX180110002,Real Effective Exchange Rate,CY 2020=100,MONTHLY,Effective Exchange Rate,20260623,197610,104.63
FX180110002,Real Effective Exchange Rate,CY 2020=100,MONTHLY,Effective Exchange Rate,20260623,197611,102.82
FX180110002,Real Effective Exchange Rate,CY 2020=100,MONTHLY,Effective Exchange Rate,20260623,197612,103.38
FX180110002,Real Effective Exchange Rate,CY 2020=100,MONTHLY,Effective Exchange Rate,20260623,197701,104.42
FX180110002,Real Effective Exchange Rate,CY 2020=100,MONTHLY,Effective Exchange Rate,20260623,197702,106.42
FX180110002,Real Effective Exchange Rate,CY 2020=100,MONTHLY,Effective Exchange Rate,20260623,197703,107.91
FX180110002,Real Effective Exchange Rate,CY 2020=100,MONTHLY,Effective Exchange Rate,20260623,197704,110.58
FX180110002,Real Effective Exchange Rate,CY 2020=100,MONTHLY,Effective Exchange Rate,20260623,197705,110.01
FX180110002,Real Effective Exchange Rate,CY 2020=100,MONTHLY,Effective Exchange Rate,20260623,197706,110.46
FX180110002,Real Effective Exchange Rate,CY 2020=100,MONTHLY,Effective Exchange Rate,20260623,197707,112.14
FX180110002,Real Effective Exchange Rate,CY 2020=100,MONTHLY,Effective Exchange Rate,20260623,197708,110.82
FX180110002,Real Effective Exchange Rate,CY 2020=100,MONTHLY,Effective Exchange Rate,20260623,197709,112.29
FX180110002,Real Effective Exchange Rate,CY 2020=100,MONTHLY,Effective Exchange Rate,20260623,197710,117.36
FX180110002,Real Effective Exchange Rate,CY 2020=100,MONTHLY,Effective Exchange Rate,20260623,197711,119.92
FX180110002,Real Effective Exchange Rate,CY 2020=100,MONTHLY,Effective Exchange Rate,20260623,197712,119.74
FX180110002,Real Effective Exchange Rate,CY 2020=100,MONTHLY,Effective Exchange Rate,20260623,197801,117.97
FX180110002,Real Effective Exchange Rate,CY 2020=100,MONTHLY,Effective Exchange Rate,20260623,197802,117.81
FX180110002,Real Effective Exchange Rate,CY 2020=100,MONTHLY,Effective Exchange Rate,20260623,197803,121.87
FX180110002,Real Effective Exchange Rate,CY 2020=100,MONTHLY,Effective Exchange Rate,20260623,197804,128.13
FX180110002,Real Effective Exchange Rate,CY 2020=100,MONTHLY,Effective Exchange Rate,20260623,197805,126.48
FX180110002,Real Effective Exchange Rate,CY 2020=100,MONTHLY,Effective Exchange Rate,20260623,197806,131.01
FX180110002,Real Effective Exchange Rate,CY 2020=100,MONTHLY,Effective Exchange Rate,20260623,197807,138.32
FX180110002,Real Effective Exchange Rate,CY 2020=100,MONTHLY,Effective Exchange Rate,20260623,197808,144.54
FX180110002,Real Effective Exchange Rate,CY 2020=100,MONTHLY,Effective Exchange Rate,20260623,197809,143.64
FX180110002,Real Effective Exchange Rate,CY 2020=100,MONTHLY,Effective Exchange Rate,20260623,197810,145.15
FX180110002,Real Effective Exchange Rate,CY 2020=100,MONTHLY,Effective Exchange Rate,20260623,197811,138.88
FX180110002,Real Effective Exchange Rate,CY 2020=100,MONTHLY,Effective Exchange Rate,20260623,197812,134.89
FX180110002,Real Effective Exchange Rate,CY 2020=100,MONTHLY,Effective Exchange Rate,20260623,197901,132.25
FX180110002,Real Effective Exchange Rate,CY 2020=100,MONTHLY,Effective Exchange Rate,20260623,197902,128.69
FX180110002,Real Effective Exchange Rate,CY 2020=100,MONTHLY,Effective Exchange Rate,20260623,197903,124.76
FX180110002,Real Effective Exchange Rate,CY 2020=100,MONTHLY,Effective Exchange Rate,20260623,197904,119.59
FX180110002,Real Effective Exchange Rate,CY 2020=100,MONTHLY,Effective Exchange Rate,20260623,197905,118.66
FX180110002,Real Effective Exchange Rate,CY 2020=100,MONTHLY,Effective Exchange Rate,20260623,197906,116.86
FX180110002,Real Effective Exchange Rate,CY 2020=100,MONTHLY,Effective Exchange Rate,20260623,197907,116.13
FX180110002,Real Effective Exchange Rate,CY 2020=100,MONTHLY,Effective Exchange Rate,20260623,197908,113.25
FX180110002,Real Effective Exchange Rate,CY 2020=100,MONTHLY,Effective Exchange Rate,20260623,197909,110.79
FX180110002,Real Effective Exchange Rate,CY 2020=100,MONTHLY,Effective Exchange Rate,20260623,197910,107.71
FX180110002,Real Effective Exchange Rate,CY 2020=100,MONTHLY,Effective Exchange Rate,20260623,197911,100.17
FX180110002,Real Effective Exchange Rate,CY 2020=100,MONTHLY,Effective Exchange Rate,20260623,197912,100.84
FX180110002,Real Effective Exchange Rate,CY 2020=100,MONTHLY,Effective Exchange Rate,20260623,198001,101.53
FX180110002,Real Effective Exchange Rate,CY 2020=100,MONTHLY,Effective Exchange Rate,20260623,198002,98.79
FX180110002,Real Effective Exchange Rate,CY 2020=100,MONTHLY,Effective Exchange Rate,20260623,198003,98.32
FX180110002,Real Effective Exchange Rate,CY 2020=100,MONTHLY,Effective Exchange Rate,20260623,198004,98.93
FX180110002,Real Effective Exchange Rate,CY 2020=100,MONTHLY,Effective Exchange Rate,20260623,198005,106.26
FX180110002,Real Effective Exchange Rate,CY 2020=100,MONTHLY,Effective Exchange Rate,20260623,198006,109.84
FX180110002,Real Effective Exchange Rate,CY 2020=100,MONTHLY,Effective Exchange Rate,20260623,198007,107.42
FX180110002,Real Effective Exchange Rate,CY 2020=100,MONTHLY,Effective Exchange Rate,20260623,198008,105.52
FX180110002,Real Effective Exchange Rate,CY 2020=100,MONTHLY,Effective Exchange Rate,20260623,198009,110.65
FX180110002,Real Effective Exchange Rate,CY 2020=100,MONTHLY,Effective Exchange Rate,20260623,198010,113.58
FX180110002,Real Effective Exchange Rate,CY 2020=100,MONTHLY,Effective Exchange Rate,20260623,198011,112.46
FX180110002,Real Effective Exchange Rate,CY 2020=100,MONTHLY,Effective Exchange Rate,20260623,198012,114.05
FX180110002,Real Effective Exchange Rate,CY 2020=100,MONTHLY,Effective Exchange Rate,20260623,198101,118.19
FX180110002,Real Effective Exchange Rate,CY 2020=100,MONTHLY,Effective Exchange Rate,20260623,198102,117.57
FX180110002,Real Effective Exchange Rate,CY 2020=100,MONTHLY,Effective Exchange Rate,20260623,198103,115.18
FX180110002,Real Effective Exchange Rate,CY 2020=100,MONTHLY,Effective Exchange Rate,20260623,198104,113.01
FX180110002,Real Effective Exchange Rate,CY 2020=100,MONTHLY,Effective Exchange Rate,20260623,198105,112.45
FX180110002,Real Effective Exchange Rate,CY 2020=100,MONTHLY,Effective Exchange Rate,20260623,198106,111.38
FX180110002,Real Effective Exchange Rate,CY 2020=100,MONTHLY,Effective Exchange Rate,20260623,198107,107.48
FX180110002,Real Effective Exchange Rate,CY 2020=100,MONTHLY,Effective Exchange Rate,20260623,198108,107.01
FX180110002,Real Effective Exchange Rate,CY 2020=100,MONTHLY,Effective Exchange Rate,20260623,198109,107.92
FX180110002,Real Effective Exchange Rate,CY 2020=100,MONTHLY,Effective Exchange Rate,20260623,198110,105.82
FX180110002,Real Effective Exchange Rate,CY 2020=100,MONTHLY,Effective Exchange Rate,20260623,198111,108.23
FX180110002,Real Effective Exchange Rate,CY 2020=100,MONTHLY,Effective Exchange Rate,20260623,198112,110.72
FX180110002,Real Effective Exchange Rate,CY 2020=100,MONTHLY,Effective Exchange Rate,20260623,198201,107.86
FX180110002,Real Effective Exchange Rate,CY 2020=100,MONTHLY,Effective Exchange Rate,20260623,198202,103.94
FX180110002,Real Effective Exchange Rate,CY 2020=100,MONTHLY,Effective Exchange Rate,20260623,198203,102.53
FX180110002,Real Effective Exchange Rate,CY 2020=100,MONTHLY,Effective Exchange Rate,20260623,198204,102.18
FX180110002,Real Effective Exchange Rate,CY 2020=100,MONTHLY,Effective Exchange Rate,20260623,198205,103.67
FX180110002,Real Effective Exchange Rate,CY 2020=100,MONTHLY,Effective Exchange Rate,20260623,198206,98.99
FX180110002,Real Effective Exchange Rate,CY 2020=100,MONTHLY,Effective Exchange Rate,20260623,198207,97.28
FX180110002,Real Effective Exchange Rate,CY 2020=100,MONTHLY,Effective Exchange Rate,20260623,198208,96.78
FX180110002,Real Effective Exchange Rate,CY 2020=100,MONTHLY,Effective Exchange Rate,20260623,198209,96.73
FX180110002,Real Effective Exchange Rate,CY 2020=100,MONTHLY,Effective Exchange Rate,20260623,198210,94.43
FX180110002,Real Effective Exchange Rate,CY 2020=100,MONTHLY,Effective Exchange Rate,20260623,198211,96.48
FX180110002,Real Effective Exchange Rate,CY 2020=100,MONTHLY,Effective Exchange Rate,20260623,198212,103.98
FX180110002,Real Effective Exchange Rate,CY 2020=100,MONTHLY,Effective Exchange Rate,20260623,198301,107.69
FX180110002,Real Effective Exchange Rate,CY 2020=100,MONTHLY,Effective Exchange Rate,20260623,198302,106.07
FX180110002,Real Effective Exchange Rate,CY 2020=100,MONTHLY,Effective Exchange Rate,20260623,198303,106.23
FX180110002,Real Effective Exchange Rate,CY 2020=100,MONTHLY,Effective Exchange Rate,20260623,198304,106.6
FX180110002,Real Effective Exchange Rate,CY 2020=100,MONTHLY,Effective Exchange Rate,20260623,198305,108.43
FX180110002,Real Effective Exchange Rate,CY 2020=100,MONTHLY,Effective Exchange Rate,20260623,198306,106.44
FX180110002,Real Effective Exchange Rate,CY 2020=100,MONTHLY,Effective Exchange Rate,20260623,198307,105.95
FX180110002,Real Effective Exchange Rate,CY 2020=100,MONTHLY,Effective Exchange Rate,20260623,198308,104.79
FX180110002,Real Effective Exchange Rate,CY 2020=100,MONTHLY,Effective Exchange Rate,20260623,198309,106.41
FX180110002,Real Effective Exchange Rate,CY 2020=100,MONTHLY,Effective Exchange Rate,20260623,198310,110.5
FX180110002,Real Effective Exchange Rate,CY 2020=100,MONTHLY,Effective Exchange Rate,20260623,198311,109.5
FX180110002,Real Effective Exchange Rate,CY 2020=100,MONTHLY,Effective Exchange Rate,20260623,198312,110.44
FX180110002,Real Effective Exchange Rate,CY 2020=100,MONTHLY,Effective Exchange Rate,20260623,198401,111.38
FX180110002,Real Effective Exchange Rate,CY 2020=100,MONTHLY,Effective Exchange Rate,20260623,198402,110.19
FX180110002,Real Effective Exchange Rate,CY 2020=100,MONTHLY,Effective Exchange Rate,20260623,198403,112.64
FX180110002,Real Effective Exchange Rate,CY 2020=100,MONTHLY,Effective Exchange Rate,20260623,198404,113.32
FX180110002,Real Effective Exchange Rate,CY 2020=100,MONTHLY,Effective Exchange Rate,20260623,198405,112.51
FX180110002,Real Effective Exchange Rate,CY 2020=100,MONTHLY,Effective Exchange Rate,20260623,198406,110.24
FX180110002,Real Effective Exchange Rate,CY 2020=100,MONTHLY,Effective Exchange Rate,20260623,198407,107.79
FX180110002,Real Effective Exchange Rate,CY 2020=100,MONTHLY,Effective Exchange Rate,20260623,198408,106.98
FX180110002,Real Effective Exchange Rate,CY 2020=100,MONTHLY,Effective Exchange Rate,20260623,198409,108.75
FX180110002,Real Effective Exchange Rate,CY 2020=100,MONTHLY,Effective Exchange Rate,20260623,198410,109.16
FX180110002,Real Effective Exchange Rate,CY 2020=100,MONTHLY,Effective Exchange Rate,20260623,198411,109.17
FX180110002,Real Effective Exchange Rate,CY 2020=100,MONTHLY,Effective Exchange Rate,20260623,198412,108.86
FX180110002,Real Effective Exchange Rate,CY 2020=100,MONTHLY,Effective Exchange Rate,20260623,198501,107.21
FX180110002,Real Effective Exchange Rate,CY 2020=100,MONTHLY,Effective Exchange Rate,20260623,198502,105.4
FX180110002,Real Effective Exchange Rate,CY 2020=100,MONTHLY,Effective Exchange Rate,20260623,198503,106.54
FX180110002,Real Effective Exchange Rate,CY 2020=100,MONTHLY,Effective Exchange Rate,20260623,198504,107
FX180110002,Real Effective Exchange Rate,CY 2020=100,MONTHLY,Effective Exchange Rate,20260623,198505,106.98
FX180110002,Real Effective Exchange Rate,CY 2020=100,MONTHLY,Effective Exchange Rate,20260623,198506,107.28
FX180110002,Real Effective Exchange Rate,CY 2020=100,MONTHLY,Effective Exchange Rate,20260623,198507,108.7
FX180110002,Real Effective Exchange Rate,CY 2020=100,MONTHLY,Effective Exchange Rate,20260623,198508,109.23
FX180110002,Real Effective Exchange Rate,CY 2020=100,MONTHLY,Effective Exchange Rate,20260623,198509,110.06
FX180110002,Real Effective Exchange Rate,CY 2020=100,MONTHLY,Effective Exchange Rate,20260623,198510,119.22
FX180110002,Real Effective Exchange Rate,CY 2020=100,MONTHLY,Effective Exchange Rate,20260623,198511,123.76
FX180110002,Real Effective Exchange Rate,CY 2020=100,MONTHLY,Effective Exchange Rate,20260623,198512,123.47
FX180110002,Real Effective Exchange Rate,CY 2020=100,MONTHLY,Effective Exchange Rate,20260623,198601,124.1
FX180110002,Real Effective Exchange Rate,CY 2020=100,MONTHLY,Effective Exchange Rate,20260623,198602,132.6
FX180110002,Real Effective Exchange Rate,CY 2020=100,MONTHLY,Effective Exchange Rate,20260623,198603,135.64
FX180110002,Real Effective Exchange Rate,CY 2020=100,MONTHLY,Effective Exchange Rate,20260623,198604,138.68
FX180110002,Real Effective Exchange Rate,CY 2020=100,MONTHLY,Effective Exchange Rate,20260623,198605,144.49
FX180110002,Real Effective Exchange Rate,CY 2020=100,MONTHLY,Effective Exchange Rate,20260623,198606,143.19
FX180110002,Real Effective Exchange Rate,CY 2020=100,MONTHLY,Effective Exchange Rate,20260623,198607,149.74
FX180110002,Real Effective Exchange Rate,CY 2020=100,MONTHLY,Effective Exchange Rate,20260623,198608,152.14
FX180110002,Real Effective Exchange Rate,CY 2020=100,MONTHLY,Effective Exchange Rate,20260623,198609,151.04
FX180110002,Real Effective Exchange Rate,CY 2020=100,MONTHLY,Effective Exchange Rate,20260623,198610,149.17
FX180110002,Real Effective Exchange Rate,CY 2020=100,MONTHLY,Effective Exchange Rate,20260623,198611,142.7
FX180110002,Real Effective Exchange Rate,CY 2020=100,MONTHLY,Effective Exchange Rate,20260623,198612,141.77
FX180110002,Real Effective Exchange Rate,CY 2020=100,MONTHLY,Effective Exchange Rate,20260623,198701,144.07
FX180110002,Real Effective Exchange Rate,CY 2020=100,MONTHLY,Effective Exchange Rate,20260623,198702,143.67
FX180110002,Real Effective Exchange Rate,CY 2020=100,MONTHLY,Effective Exchange Rate,20260623,198703,145.01
FX180110002,Real Effective Exchange Rate,CY 2020=100,MONTHLY,Effective Exchange Rate,20260623,198704,152.9
FX180110002,Real Effective Exchange Rate,CY 2020=100,MONTHLY,Effective Exchange Rate,20260623,198705,153.82
FX180110002,Real Effective Exchange Rate,CY 2020=100,MONTHLY,Effective Exchange Rate,20260623,198706,149.29
FX180110002,Real Effective Exchange Rate,CY 2020=100,MONTHLY,Effective Exchange Rate,20260623,198707,143.12
FX180110002,Real Effective Exchange Rate,CY 2020=100,MONTHLY,Effective Exchange Rate,20260623,198708,145.09
FX180110002,Real Effective Exchange Rate,CY 2020=100,MONTHLY,Effective Exchange Rate,20260623,198709,148.76
FX180110002,Real Effective Exchange Rate,CY 2020=100,MONTHLY,Effective Exchange Rate,20260623,198710,147.92
FX180110002,Real Effective Exchange Rate,CY 2020=100,MONTHLY,Effective Exchange Rate,20260623,198711,152.32
FX180110002,Real Effective Exchange Rate,CY 2020=100,MONTHLY,Effective Exchange Rate,20260623,198712,157.85
FX180110002,Real Effective Exchange Rate,CY 2020=100,MONTHLY,Effective Exchange Rate,20260623,198801,158.03
FX180110002,Real Effective Exchange Rate,CY 2020=100,MONTHLY,Effective Exchange Rate,20260623,198802,156.18
FX180110002,Real Effective Exchange Rate,CY 2020=100,MONTHLY,Effective Exchange Rate,20260623,198803,157.17
FX180110002,Real Effective Exchange Rate,CY 2020=100,MONTHLY,Effective Exchange Rate,20260623,198804,159.08
FX180110002,Real Effective Exchange Rate,CY 2020=100,MONTHLY,Effective Exchange Rate,20260623,198805,159.31
FX180110002,Real Effective Exchange Rate,CY 2020=100,MONTHLY,Effective Exchange Rate,20260623,198806,156.91
FX180110002,Real Effective Exchange Rate,CY 2020=100,MONTHLY,Effective Exchange Rate,20260623,198807,151.94
FX180110002,Real Effective Exchange Rate,CY 2020=100,MONTHLY,Effective Exchange Rate,20260623,198808,152
FX180110002,Real Effective Exchange Rate,CY 2020=100,MONTHLY,Effective Exchange Rate,20260623,198809,151.59
FX180110002,Real Effective Exchange Rate,CY 2020=100,MONTHLY,Effective Exchange Rate,20260623,198810,156.57
FX180110002,Real Effective Exchange Rate,CY 2020=100,MONTHLY,Effective Exchange Rate,20260623,198811,159.76
FX180110002,Real Effective Exchange Rate,CY 2020=100,MONTHLY,Effective Exchange Rate,20260623,198812,157.93
FX180110002,Real Effective Exchange Rate,CY 2020=100,MONTHLY,Effective Exchange Rate,20260623,198901,154.38
FX180110002,Real Effective Exchange Rate,CY 2020=100,MONTHLY,Effective Exchange Rate,20260623,198902,152.92
FX180110002,Real Effective Exchange Rate,CY 2020=100,MONTHLY,Effective Exchange Rate,20260623,198903,150.55
FX180110002,Real Effective Exchange Rate,CY 2020=100,MONTHLY,Effective Exchange Rate,20260623,198904,150.13
FX180110002,Real Effective Exchange Rate,CY 2020=100,MONTHLY,Effective Exchange Rate,20260623,198905,145.26
FX180110002,Real Effective Exchange Rate,CY 2020=100,MONTHLY,Effective Exchange Rate,20260623,198906,140.42
FX180110002,Real Effective Exchange Rate,CY 2020=100,MONTHLY,Effective Exchange Rate,20260623,198907,141
FX180110002,Real Effective Exchange Rate,CY 2020=100,MONTHLY,Effective Exchange Rate,20260623,198908,140.36
FX180110002,Real Effective Exchange Rate,CY 2020=100,MONTHLY,Effective Exchange Rate,20260623,198909,137.86
FX180110002,Real Effective Exchange Rate,CY 2020=100,MONTHLY,Effective Exchange Rate,20260623,198910,139.49
FX180110002,Real Effective Exchange Rate,CY 2020=100,MONTHLY,Effective Exchange Rate,20260623,198911,136.02
FX180110002,Real Effective Exchange Rate,CY 2020=100,MONTHLY,Effective Exchange Rate,20260623,198912,134.02
FX180110002,Real Effective Exchange Rate,CY 2020=100,MONTHLY,Effective Exchange Rate,20260623,199001,130.87
FX180110002,Real Effective Exchange Rate,CY 2020=100,MONTHLY,Effective Exchange Rate,20260623,199002,129.47
FX180110002,Real Effective Exchange Rate,CY 2020=100,MONTHLY,Effective Exchange Rate,20260623,199003,123.88
FX180110002,Real Effective Exchange Rate,CY 2020=100,MONTHLY,Effective Exchange Rate,20260623,199004,119.89
FX180110002,Real Effective Exchange Rate,CY 2020=100,MONTHLY,Effective Exchange Rate,20260623,199005,123.04
FX180110002,Real Effective Exchange Rate,CY 2020=100,MONTHLY,Effective Exchange Rate,20260623,199006,122.26
FX180110002,Real Effective Exchange Rate,CY 2020=100,MONTHLY,Effective Exchange Rate,20260623,199007,123.8
FX180110002,Real Effective Exchange Rate,CY 2020=100,MONTHLY,Effective Exchange Rate,20260623,199008,122.66
FX180110002,Real Effective Exchange Rate,CY 2020=100,MONTHLY,Effective Exchange Rate,20260623,199009,130.17
FX180110002,Real Effective Exchange Rate,CY 2020=100,MONTHLY,Effective Exchange Rate,20260623,199010,138.63
FX180110002,Real Effective Exchange Rate,CY 2020=100,MONTHLY,Effective Exchange Rate,20260623,199011,138.38
FX180110002,Real Effective Exchange Rate,CY 2020=100,MONTHLY,Effective Exchange Rate,20260623,199012,133.91
FX180110002,Real Effective Exchange Rate,CY 2020=100,MONTHLY,Effective Exchange Rate,20260623,199101,134.01
FX180110002,Real Effective Exchange Rate,CY 2020=100,MONTHLY,Effective Exchange Rate,20260623,199102,135.3
FX180110002,Real Effective Exchange Rate,CY 2020=100,MONTHLY,Effective Exchange Rate,20260623,199103,132.93
FX180110002,Real Effective Exchange Rate,CY 2020=100,MONTHLY,Effective Exchange Rate,20260623,199104,135.55
FX180110002,Real Effective Exchange Rate,CY 2020=100,MONTHLY,Effective Exchange Rate,20260623,199105,135.19
FX180110002,Real Effective Exchange Rate,CY 2020=100,MONTHLY,Effective Exchange Rate,20260623,199106,134.46
FX180110002,Real Effective Exchange Rate,CY 2020=100,MONTHLY,Effective Exchange Rate,20260623,199107,135.82
FX180110002,Real Effective Exchange Rate,CY 2020=100,MONTHLY,Effective Exchange Rate,20260623,199108,135.5
FX180110002,Real Effective Exchange Rate,CY 2020=100,MONTHLY,Effective Exchange Rate,20260623,199109,136.35
FX180110002,Real Effective Exchange Rate,CY 2020=100,MONTHLY,Effective Exchange Rate,20260623,199110,141.42
FX180110002,Real Effective Exchange Rate,CY 2020=100,MONTHLY,Effective Exchange Rate,20260623,199111,140.27
FX180110002,Real Effective Exchange Rate,CY 2020=100,MONTHLY,Effective Exchange Rate,20260623,199112,139.72
FX180110002,Real Effective Exchange Rate,CY 2020=100,MONTHLY,Effective Exchange Rate,20260623,199201,142.56
FX180110002,Real Effective Exchange Rate,CY 2020=100,MONTHLY,Effective Exchange Rate,20260623,199202,140.37
FX180110002,Real Effective Exchange Rate,CY 2020=100,MONTHLY,Effective Exchange Rate,20260623,199203,136.4
FX180110002,Real Effective Exchange Rate,CY 2020=100,MONTHLY,Effective Exchange Rate,20260623,199204,136.29
FX180110002,Real Effective Exchange Rate,CY 2020=100,MONTHLY,Effective Exchange Rate,20260623,199205,137.72
FX180110002,Real Effective Exchange Rate,CY 2020=100,MONTHLY,Effective Exchange Rate,20260623,199206,140.09
FX180110002,Real Effective Exchange Rate,CY 2020=100,MONTHLY,Effective Exchange Rate,20260623,199207,137.66
FX180110002,Real Effective Exchange Rate,CY 2020=100,MONTHLY,Effective Exchange Rate,20260623,199208,136.44
FX180110002,Real Effective Exchange Rate,CY 2020=100,MONTHLY,Effective Exchange Rate,20260623,199209,141.41
FX180110002,Real Effective Exchange Rate,CY 2020=100,MONTHLY,Effective Exchange Rate,20260623,199210,145.68
FX180110002,Real Effective Exchange Rate,CY 2020=100,MONTHLY,Effective Exchange Rate,20260623,199211,146.21
FX180110002,Real Effective Exchange Rate,CY 2020=100,MONTHLY,Effective Exchange Rate,20260623,199212,146.26
FX180110002,Real Effective Exchange Rate,CY 2020=100,MONTHLY,Effective Exchange Rate,20260623,199301,145.23
FX180110002,Real Effective Exchange Rate,CY 2020=100,MONTHLY,Effective Exchange Rate,20260623,199302,151.36
FX180110002,Real Effective Exchange Rate,CY 2020=100,MONTHLY,Effective Exchange Rate,20260623,199303,155.98
FX180110002,Real Effective Exchange Rate,CY 2020=100,MONTHLY,Effective Exchange Rate,20260623,199304,161.07
FX180110002,Real Effective Exchange Rate,CY 2020=100,MONTHLY,Effective Exchange Rate,20260623,199305,163.62
FX180110002,Real Effective Exchange Rate,CY 2020=100,MONTHLY,Effective Exchange Rate,20260623,199306,169.62
FX180110002,Real Effective Exchange Rate,CY 2020=100,MONTHLY,Effective Exchange Rate,20260623,199307,171.78
FX180110002,Real Effective Exchange Rate,CY 2020=100,MONTHLY,Effective Exchange Rate,20260623,199308,178.75
FX180110002,Real Effective Exchange Rate,CY 2020=100,MONTHLY,Effective Exchange Rate,20260623,199309,173.89
FX180110002,Real Effective Exchange Rate,CY 2020=100,MONTHLY,Effective Exchange Rate,20260623,199310,171.12
FX180110002,Real Effective Exchange Rate,CY 2020=100,MONTHLY,Effective Exchange Rate,20260623,199311,170.18
FX180110002,Real Effective Exchange Rate,CY 2020=100,MONTHLY,Effective Exchange Rate,20260623,199312,166.5
FX180110002,Real Effective Exchange Rate,CY 2020=100,MONTHLY,Effective Exchange Rate,20260623,199401,164.28
FX180110002,Real Effective Exchange Rate,CY 2020=100,MONTHLY,Effective Exchange Rate,20260623,199402,170.85
FX180110002,Real Effective Exchange Rate,CY 2020=100,MONTHLY,Effective Exchange Rate,20260623,199403,172.47
FX180110002,Real Effective Exchange Rate,CY 2020=100,MONTHLY,Effective Exchange Rate,20260623,199404,175.05
FX180110002,Real Effective Exchange Rate,CY 2020=100,MONTHLY,Effective Exchange Rate,20260623,199405,172.92
FX180110002,Real Effective Exchange Rate,CY 2020=100,MONTHLY,Effective Exchange Rate,20260623,199406,172.55
FX180110002,Real Effective Exchange Rate,CY 2020=100,MONTHLY,Effective Exchange Rate,20260623,199407,176.6
FX180110002,Real Effective Exchange Rate,CY 2020=100,MONTHLY,Effective Exchange Rate,20260623,199408,173.42
FX180110002,Real Effective Exchange Rate,CY 2020=100,MONTHLY,Effective Exchange Rate,20260623,199409,173.88
FX180110002,Real Effective Exchange Rate,CY 2020=100,MONTHLY,Effective Exchange Rate,20260623,199410,174.01
FX180110002,Real Effective Exchange Rate,CY 2020=100,MONTHLY,Effective Exchange Rate,20260623,199411,174.18
FX180110002,Real Effective Exchange Rate,CY 2020=100,MONTHLY,Effective Exchange Rate,20260623,199412,170.77
FX180110002,Real Effective Exchange Rate,CY 2020=100,MONTHLY,Effective Exchange Rate,20260623,199501,169.81
FX180110002,Real Effective Exchange Rate,CY 2020=100,MONTHLY,Effective Exchange Rate,20260623,199502,170.58
FX180110002,Real Effective Exchange Rate,CY 2020=100,MONTHLY,Effective Exchange Rate,20260623,199503,182.21
FX180110002,Real Effective Exchange Rate,CY 2020=100,MONTHLY,Effective Exchange Rate,20260623,199504,194.2
FX180110002,Real Effective Exchange Rate,CY 2020=100,MONTHLY,Effective Exchange Rate,20260623,199505,191.58
FX180110002,Real Effective Exchange Rate,CY 2020=100,MONTHLY,Effective Exchange Rate,20260623,199506,191.49
FX180110002,Real Effective Exchange Rate,CY 2020=100,MONTHLY,Effective Exchange Rate,20260623,199507,184.26
FX180110002,Real Effective Exchange Rate,CY 2020=100,MONTHLY,Effective Exchange Rate,20260623,199508,171.17
FX180110002,Real Effective Exchange Rate,CY 2020=100,MONTHLY,Effective Exchange Rate,20260623,199509,162.07
FX180110002,Real Effective Exchange Rate,CY 2020=100,MONTHLY,Effective Exchange Rate,20260623,199510,159.68
FX180110002,Real Effective Exchange Rate,CY 2020=100,MONTHLY,Effective Exchange Rate,20260623,199511,157.65
FX180110002,Real Effective Exchange Rate,CY 2020=100,MONTHLY,Effective Exchange Rate,20260623,199512,158.21
FX180110002,Real Effective Exchange Rate,CY 2020=100,MONTHLY,Effective Exchange Rate,20260623,199601,151.87
FX180110002,Real Effective Exchange Rate,CY 2020=100,MONTHLY,Effective Exchange Rate,20260623,199602,150.73
FX180110002,Real Effective Exchange Rate,CY 2020=100,MONTHLY,Effective Exchange Rate,20260623,199603,150.21
FX180110002,Real Effective Exchange Rate,CY 2020=100,MONTHLY,Effective Exchange Rate,20260623,199604,148.63
FX180110002,Real Effective Exchange Rate,CY 2020=100,MONTHLY,Effective Exchange Rate,20260623,199605,150.34
FX180110002,Real Effective Exchange Rate,CY 2020=100,MONTHLY,Effective Exchange Rate,20260623,199606,146.45
FX180110002,Real Effective Exchange Rate,CY 2020=100,MONTHLY,Effective Exchange Rate,20260623,199607,145.61
FX180110002,Real Effective Exchange Rate,CY 2020=100,MONTHLY,Effective Exchange Rate,20260623,199608,146.33
FX180110002,Real Effective Exchange Rate,CY 2020=100,MONTHLY,Effective Exchange Rate,20260623,199609,143.98
FX180110002,Real Effective Exchange Rate,CY 2020=100,MONTHLY,Effective Exchange Rate,20260623,199610,141.21
FX180110002,Real Effective Exchange Rate,CY 2020=100,MONTHLY,Effective Exchange Rate,20260623,199611,140.08
FX180110002,Real Effective Exchange Rate,CY 2020=100,MONTHLY,Effective Exchange Rate,20260623,199612,138.87
FX180110002,Real Effective Exchange Rate,CY 2020=100,MONTHLY,Effective Exchange Rate,20260623,199701,134.49
FX180110002,Real Effective Exchange Rate,CY 2020=100,MONTHLY,Effective Exchange Rate,20260623,199702,129.51
FX180110002,Real Effective Exchange Rate,CY 2020=100,MONTHLY,Effective Exchange Rate,20260623,199703,130.69
FX180110002,Real Effective Exchange Rate,CY 2020=100,MONTHLY,Effective Exchange Rate,20260623,199704,130.02
FX180110002,Real Effective Exchange Rate,CY 2020=100,MONTHLY,Effective Exchange Rate,20260623,199705,137.67
FX180110002,Real Effective Exchange Rate,CY 2020=100,MONTHLY,Effective Exchange Rate,20260623,199706,142.87
FX180110002,Real Effective Exchange Rate,CY 2020=100,MONTHLY,Effective Exchange Rate,20260623,199707,143.31
FX180110002,Real Effective Exchange Rate,CY 2020=100,MONTHLY,Effective Exchange Rate,20260623,199708,142.13
FX180110002,Real Effective Exchange Rate,CY 2020=100,MONTHLY,Effective Exchange Rate,20260623,199709,139.88
FX180110002,Real Effective Exchange Rate,CY 2020=100,MONTHLY,Effective Exchange Rate,20260623,199710,141.16
FX180110002,Real Effective Exchange Rate,CY 2020=100,MONTHLY,Effective Exchange Rate,20260623,199711,136.55
FX180110002,Real Effective Exchange Rate,CY 2020=100,MONTHLY,Effective Exchange Rate,20260623,199712,137.88
FX180110002,Real Effective Exchange Rate,CY 2020=100,MONTHLY,Effective Exchange Rate,20260623,199801,142.92
FX180110002,Real Effective Exchange Rate,CY 2020=100,MONTHLY,Effective Exchange Rate,20260623,199802,143.75
FX180110002,Real Effective Exchange Rate,CY 2020=100,MONTHLY,Effective Exchange Rate,20260623,199803,138.9
FX180110002,Real Effective Exchange Rate,CY 2020=100,MONTHLY,Effective Exchange Rate,20260623,199804,134.19
FX180110002,Real Effective Exchange Rate,CY 2020=100,MONTHLY,Effective Exchange Rate,20260623,199805,132.29
FX180110002,Real Effective Exchange Rate,CY 2020=100,MONTHLY,Effective Exchange Rate,20260623,199806,128.87
FX180110002,Real Effective Exchange Rate,CY 2020=100,MONTHLY,Effective Exchange Rate,20260623,199807,127.48
FX180110002,Real Effective Exchange Rate,CY 2020=100,MONTHLY,Effective Exchange Rate,20260623,199808,123.9
FX180110002,Real Effective Exchange Rate,CY 2020=100,MONTHLY,Effective Exchange Rate,20260623,199809,132.31
FX180110002,Real Effective Exchange Rate,CY 2020=100,MONTHLY,Effective Exchange Rate,20260623,199810,145.34
FX180110002,Real Effective Exchange Rate,CY 2020=100,MONTHLY,Effective Exchange Rate,20260623,199811,145.21
FX180110002,Real Effective Exchange Rate,CY 2020=100,MONTHLY,Effective Exchange Rate,20260623,199812,147.94
FX180110002,Real Effective Exchange Rate,CY 2020=100,MONTHLY,Effective Exchange Rate,20260623,199901,152.57
FX180110002,Real Effective Exchange Rate,CY 2020=100,MONTHLY,Effective Exchange Rate,20260623,199902,148.45
FX180110002,Real Effective Exchange Rate,CY 2020=100,MONTHLY,Effective Exchange Rate,20260623,199903,146.51
FX180110002,Real Effective Exchange Rate,CY 2020=100,MONTHLY,Effective Exchange Rate,20260623,199904,146.55
FX180110002,Real Effective Exchange Rate,CY 2020=100,MONTHLY,Effective Exchange Rate,20260623,199905,143.5
FX180110002,Real Effective Exchange Rate,CY 2020=100,MONTHLY,Effective Exchange Rate,20260623,199906,145.1
FX180110002,Real Effective Exchange Rate,CY 2020=100,MONTHLY,Effective Exchange Rate,20260623,199907,146.07
FX180110002,Real Effective Exchange Rate,CY 2020=100,MONTHLY,Effective Exchange Rate,20260623,199908,153.8
FX180110002,Real Effective Exchange Rate,CY 2020=100,MONTHLY,Effective Exchange Rate,20260623,199909,163.26
FX180110002,Real Effective Exchange Rate,CY 2020=100,MONTHLY,Effective Exchange Rate,20260623,199910,163.86
FX180110002,Real Effective Exchange Rate,CY 2020=100,MONTHLY,Effective Exchange Rate,20260623,199911,165.65
FX180110002,Real Effective Exchange Rate,CY 2020=100,MONTHLY,Effective Exchange Rate,20260623,199912,168.71
FX180110002,Real Effective Exchange Rate,CY 2020=100,MONTHLY,Effective Exchange Rate,20260623,200001,163.17
FX180110002,Real Effective Exchange Rate,CY 2020=100,MONTHLY,Effective Exchange Rate,20260623,200002,156.59
FX180110002,Real Effective Exchange Rate,CY 2020=100,MONTHLY,Effective Exchange Rate,20260623,200003,161.97
FX180110002,Real Effective Exchange Rate,CY 2020=100,MONTHLY,Effective Exchange Rate,20260623,200004,164.22
FX180110002,Real Effective Exchange Rate,CY 2020=100,MONTHLY,Effective Exchange Rate,20260623,200005,162.77
FX180110002,Real Effective Exchange Rate,CY 2020=100,MONTHLY,Effective Exchange Rate,20260623,200006,163.98
FX180110002,Real Effective Exchange Rate,CY 2020=100,MONTHLY,Effective Exchange Rate,20260623,200007,161.26
FX180110002,Real Effective Exchange Rate,CY 2020=100,MONTHLY,Effective Exchange Rate,20260623,200008,162.28
FX180110002,Real Effective Exchange Rate,CY 2020=100,MONTHLY,Effective Exchange Rate,20260623,200009,164.88
FX180110002,Real Effective Exchange Rate,CY 2020=100,MONTHLY,Effective Exchange Rate,20260623,200010,163.79
FX180110002,Real Effective Exchange Rate,CY 2020=100,MONTHLY,Effective Exchange Rate,20260623,200011,163.07
FX180110002,Real Effective Exchange Rate,CY 2020=100,MONTHLY,Effective Exchange Rate,20260623,200012,157.3
FX180110002,Real Effective Exchange Rate,CY 2020=100,MONTHLY,Effective Exchange Rate,20260623,200101,149.45
FX180110002,Real Effective Exchange Rate,CY 2020=100,MONTHLY,Effective Exchange Rate,20260623,200102,149.96
FX180110002,Real Effective Exchange Rate,CY 2020=100,MONTHLY,Effective Exchange Rate,20260623,200103,144.57
FX180110002,Real Effective Exchange Rate,CY 2020=100,MONTHLY,Effective Exchange Rate,20260623,200104,142.8
FX180110002,Real Effective Exchange Rate,CY 2020=100,MONTHLY,Effective Exchange Rate,20260623,200105,145.19
FX180110002,Real Effective Exchange Rate,CY 2020=100,MONTHLY,Effective Exchange Rate,20260623,200106,145.43
FX180110002,Real Effective Exchange Rate,CY 2020=100,MONTHLY,Effective Exchange Rate,20260623,200107,142.55
FX180110002,Real Effective Exchange Rate,CY 2020=100,MONTHLY,Effective Exchange Rate,20260623,200108,144.29
FX180110002,Real Effective Exchange Rate,CY 2020=100,MONTHLY,Effective Exchange Rate,20260623,200109,146.82
FX180110002,Real Effective Exchange Rate,CY 2020=100,MONTHLY,Effective Exchange Rate,20260623,200110,144.52
FX180110002,Real Effective Exchange Rate,CY 2020=100,MONTHLY,Effective Exchange Rate,20260623,200111,143.09
FX180110002,Real Effective Exchange Rate,CY 2020=100,MONTHLY,Effective Exchange Rate,20260623,200112,137.6
FX180110002,Real Effective Exchange Rate,CY 2020=100,MONTHLY,Effective Exchange Rate,20260623,200201,131.7
FX180110002,Real Effective Exchange Rate,CY 2020=100,MONTHLY,Effective Exchange Rate,20260623,200202,129.85
FX180110002,Real Effective Exchange Rate,CY 2020=100,MONTHLY,Effective Exchange Rate,20260623,200203,132.25
FX180110002,Real Effective Exchange Rate,CY 2020=100,MONTHLY,Effective Exchange Rate,20260623,200204,131.82
FX180110002,Real Effective Exchange Rate,CY 2020=100,MONTHLY,Effective Exchange Rate,20260623,200205,135.02
FX180110002,Real Effective Exchange Rate,CY 2020=100,MONTHLY,Effective Exchange Rate,20260623,200206,136.62
FX180110002,Real Effective Exchange Rate,CY 2020=100,MONTHLY,Effective Exchange Rate,20260623,200207,140.64
FX180110002,Real Effective Exchange Rate,CY 2020=100,MONTHLY,Effective Exchange Rate,20260623,200208,140.81
FX180110002,Real Effective Exchange Rate,CY 2020=100,MONTHLY,Effective Exchange Rate,20260623,200209,138.57
FX180110002,Real Effective Exchange Rate,CY 2020=100,MONTHLY,Effective Exchange Rate,20260623,200210,135.06
FX180110002,Real Effective Exchange Rate,CY 2020=100,MONTHLY,Effective Exchange Rate,20260623,200211,136.42
FX180110002,Real Effective Exchange Rate,CY 2020=100,MONTHLY,Effective Exchange Rate,20260623,200212,135.03
FX180110002,Real Effective Exchange Rate,CY 2020=100,MONTHLY,Effective Exchange Rate,20260623,200301,135.86
FX180110002,Real Effective Exchange Rate,CY 2020=100,MONTHLY,Effective Exchange Rate,20260623,200302,133.9
FX180110002,Real Effective Exchange Rate,CY 2020=100,MONTHLY,Effective Exchange Rate,20260623,200303,135.09
FX180110002,Real Effective Exchange Rate,CY 2020=100,MONTHLY,Effective Exchange Rate,20260623,200304,133.54
FX180110002,Real Effective Exchange Rate,CY 2020=100,MONTHLY,Effective Exchange Rate,20260623,200305,134.27
FX180110002,Real Effective Exchange Rate,CY 2020=100,MONTHLY,Effective Exchange Rate,20260623,200306,132.46
FX180110002,Real Effective Exchange Rate,CY 2020=100,MONTHLY,Effective Exchange Rate,20260623,200307,132.62
FX180110002,Real Effective Exchange Rate,CY 2020=100,MONTHLY,Effective Exchange Rate,20260623,200308,133.15
FX180110002,Real Effective Exchange Rate,CY 2020=100,MONTHLY,Effective Exchange Rate,20260623,200309,136.44
FX180110002,Real Effective Exchange Rate,CY 2020=100,MONTHLY,Effective Exchange Rate,20260623,200310,141.14
FX180110002,Real Effective Exchange Rate,CY 2020=100,MONTHLY,Effective Exchange Rate,20260623,200311,140.58
FX180110002,Real Effective Exchange Rate,CY 2020=100,MONTHLY,Effective Exchange Rate,20260623,200312,140.65
FX180110002,Real Effective Exchange Rate,CY 2020=100,MONTHLY,Effective Exchange Rate,20260623,200401,140.22
FX180110002,Real Effective Exchange Rate,CY 2020=100,MONTHLY,Effective Exchange Rate,20260623,200402,139.28
FX180110002,Real Effective Exchange Rate,CY 2020=100,MONTHLY,Effective Exchange Rate,20260623,200403,137.56
FX180110002,Real Effective Exchange Rate,CY 2020=100,MONTHLY,Effective Exchange Rate,20260623,200404,138.5
FX180110002,Real Effective Exchange Rate,CY 2020=100,MONTHLY,Effective Exchange Rate,20260623,200405,133.92
FX180110002,Real Effective Exchange Rate,CY 2020=100,MONTHLY,Effective Exchange Rate,20260623,200406,136.86
FX180110002,Real Effective Exchange Rate,CY 2020=100,MONTHLY,Effective Exchange Rate,20260623,200407,135.92
FX180110002,Real Effective Exchange Rate,CY 2020=100,MONTHLY,Effective Exchange Rate,20260623,200408,134.75
FX180110002,Real Effective Exchange Rate,CY 2020=100,MONTHLY,Effective Exchange Rate,20260623,200409,134.94
FX180110002,Real Effective Exchange Rate,CY 2020=100,MONTHLY,Effective Exchange Rate,20260623,200410,135.77
FX180110002,Real Effective Exchange Rate,CY 2020=100,MONTHLY,Effective Exchange Rate,20260623,200411,138.31
FX180110002,Real Effective Exchange Rate,CY 2020=100,MONTHLY,Effective Exchange Rate,20260623,200412,137.14
FX180110002,Real Effective Exchange Rate,CY 2020=100,MONTHLY,Effective Exchange Rate,20260623,200501,137.52
FX180110002,Real Effective Exchange Rate,CY 2020=100,MONTHLY,Effective Exchange Rate,20260623,200502,133.85
FX180110002,Real Effective Exchange Rate,CY 2020=100,MONTHLY,Effective Exchange Rate,20260623,200503,132.97
FX180110002,Real Effective Exchange Rate,CY 2020=100,MONTHLY,Effective Exchange Rate,20260623,200504,130.95
FX180110002,Real Effective Exchange Rate,CY 2020=100,MONTHLY,Effective Exchange Rate,20260623,200505,132.29
FX180110002,Real Effective Exchange Rate,CY 2020=100,MONTHLY,Effective Exchange Rate,20260623,200506,130.89
FX180110002,Real Effective Exchange Rate,CY 2020=100,MONTHLY,Effective Exchange Rate,20260623,200507,127.19
FX180110002,Real Effective Exchange Rate,CY 2020=100,MONTHLY,Effective Exchange Rate,20260623,200508,127.07
FX180110002,Real Effective Exchange Rate,CY 2020=100,MONTHLY,Effective Exchange Rate,20260623,200509,126.46
FX180110002,Real Effective Exchange Rate,CY 2020=100,MONTHLY,Effective Exchange Rate,20260623,200510,122.73
FX180110002,Real Effective Exchange Rate,CY 2020=100,MONTHLY,Effective Exchange Rate,20260623,200511,119.34
FX180110002,Real Effective Exchange Rate,CY 2020=100,MONTHLY,Effective Exchange Rate,20260623,200512,118.61
FX180110002,Real Effective Exchange Rate,CY 2020=100,MONTHLY,Effective Exchange Rate,20260623,200601,119.65
FX180110002,Real Effective Exchange Rate,CY 2020=100,MONTHLY,Effective Exchange Rate,20260623,200602,116.51
FX180110002,Real Effective Exchange Rate,CY 2020=100,MONTHLY,Effective Exchange Rate,20260623,200603,117.2
FX180110002,Real Effective Exchange Rate,CY 2020=100,MONTHLY,Effective Exchange Rate,20260623,200604,115.98
FX180110002,Real Effective Exchange Rate,CY 2020=100,MONTHLY,Effective Exchange Rate,20260623,200605,120.05
FX180110002,Real Effective Exchange Rate,CY 2020=100,MONTHLY,Effective Exchange Rate,20260623,200606,118.04
FX180110002,Real Effective Exchange Rate,CY 2020=100,MONTHLY,Effective Exchange Rate,20260623,200607,116.27
FX180110002,Real Effective Exchange Rate,CY 2020=100,MONTHLY,Effective Exchange Rate,20260623,200608,116.14
FX180110002,Real Effective Exchange Rate,CY 2020=100,MONTHLY,Effective Exchange Rate,20260623,200609,114.98
FX180110002,Real Effective Exchange Rate,CY 2020=100,MONTHLY,Effective Exchange Rate,20260623,200610,113.43
FX180110002,Real Effective Exchange Rate,CY 2020=100,MONTHLY,Effective Exchange Rate,20260623,200611,112.83
FX180110002,Real Effective Exchange Rate,CY 2020=100,MONTHLY,Effective Exchange Rate,20260623,200612,111.33
FX180110002,Real Effective Exchange Rate,CY 2020=100,MONTHLY,Effective Exchange Rate,20260623,200701,108.36
FX180110002,Real Effective Exchange Rate,CY 2020=100,MONTHLY,Effective Exchange Rate,20260623,200702,106.68
FX180110002,Real Effective Exchange Rate,CY 2020=100,MONTHLY,Effective Exchange Rate,20260623,200703,109.38
FX180110002,Real Effective Exchange Rate,CY 2020=100,MONTHLY,Effective Exchange Rate,20260623,200704,106.71
FX180110002,Real Effective Exchange Rate,CY 2020=100,MONTHLY,Effective Exchange Rate,20260623,200705,104.61
FX180110002,Real Effective Exchange Rate,CY 2020=100,MONTHLY,Effective Exchange Rate,20260623,200706,102.52
FX180110002,Real Effective Exchange Rate,CY 2020=100,MONTHLY,Effective Exchange Rate,20260623,200707,101.78
FX180110002,Real Effective Exchange Rate,CY 2020=100,MONTHLY,Effective Exchange Rate,20260623,200708,107.04
FX180110002,Real Effective Exchange Rate,CY 2020=100,MONTHLY,Effective Exchange Rate,20260623,200709,107.42
FX180110002,Real Effective Exchange Rate,CY 2020=100,MONTHLY,Effective Exchange Rate,20260623,200710,104.75
FX180110002,Real Effective Exchange Rate,CY 2020=100,MONTHLY,Effective Exchange Rate,20260623,200711,107.64
FX180110002,Real Effective Exchange Rate,CY 2020=100,MONTHLY,Effective Exchange Rate,20260623,200712,106.35
FX180110002,Real Effective Exchange Rate,CY 2020=100,MONTHLY,Effective Exchange Rate,20260623,200801,109.27
FX180110002,Real Effective Exchange Rate,CY 2020=100,MONTHLY,Effective Exchange Rate,20260623,200802,107.93
FX180110002,Real Effective Exchange Rate,CY 2020=100,MONTHLY,Effective Exchange Rate,20260623,200803,113.31
FX180110002,Real Effective Exchange Rate,CY 2020=100,MONTHLY,Effective Exchange Rate,20260623,200804,110.07
FX180110002,Real Effective Exchange Rate,CY 2020=100,MONTHLY,Effective Exchange Rate,20260623,200805,109.33
FX180110002,Real Effective Exchange Rate,CY 2020=100,MONTHLY,Effective Exchange Rate,20260623,200806,106.45
FX180110002,Real Effective Exchange Rate,CY 2020=100,MONTHLY,Effective Exchange Rate,20260623,200807,105.56
FX180110002,Real Effective Exchange Rate,CY 2020=100,MONTHLY,Effective Exchange Rate,20260623,200808,105.67
FX180110002,Real Effective Exchange Rate,CY 2020=100,MONTHLY,Effective Exchange Rate,20260623,200809,110.66
FX180110002,Real Effective Exchange Rate,CY 2020=100,MONTHLY,Effective Exchange Rate,20260623,200810,123.14
FX180110002,Real Effective Exchange Rate,CY 2020=100,MONTHLY,Effective Exchange Rate,20260623,200811,130.09
FX180110002,Real Effective Exchange Rate,CY 2020=100,MONTHLY,Effective Exchange Rate,20260623,200812,137.19
FX180110002,Real Effective Exchange Rate,CY 2020=100,MONTHLY,Effective Exchange Rate,20260623,200901,137.7
FX180110002,Real Effective Exchange Rate,CY 2020=100,MONTHLY,Effective Exchange Rate,20260623,200902,136.24
FX180110002,Real Effective Exchange Rate,CY 2020=100,MONTHLY,Effective Exchange Rate,20260623,200903,128.99
FX180110002,Real Effective Exchange Rate,CY 2020=100,MONTHLY,Effective Exchange Rate,20260623,200904,125.45
FX180110002,Real Effective Exchange Rate,CY 2020=100,MONTHLY,Effective Exchange Rate,20260623,200905,125.11
FX180110002,Real Effective Exchange Rate,CY 2020=100,MONTHLY,Effective Exchange Rate,20260623,200906,123.71
FX180110002,Real Effective Exchange Rate,CY 2020=100,MONTHLY,Effective Exchange Rate,20260623,200907,125.93
FX180110002,Real Effective Exchange Rate,CY 2020=100,MONTHLY,Effective Exchange Rate,20260623,200908,124.52
FX180110002,Real Effective Exchange Rate,CY 2020=100,MONTHLY,Effective Exchange Rate,20260623,200909,127.87
FX180110002,Real Effective Exchange Rate,CY 2020=100,MONTHLY,Effective Exchange Rate,20260623,200910,127.26
FX180110002,Real Effective Exchange Rate,CY 2020=100,MONTHLY,Effective Exchange Rate,20260623,200911,127.99
FX180110002,Real Effective Exchange Rate,CY 2020=100,MONTHLY,Effective Exchange Rate,20260623,200912,127.01
FX180110002,Real Effective Exchange Rate,CY 2020=100,MONTHLY,Effective Exchange Rate,20260623,201001,124.66
FX180110002,Real Effective Exchange Rate,CY 2020=100,MONTHLY,Effective Exchange Rate,20260623,201002,126.98
FX180110002,Real Effective Exchange Rate,CY 2020=100,MONTHLY,Effective Exchange Rate,20260623,201003,125.97
FX180110002,Real Effective Exchange Rate,CY 2020=100,MONTHLY,Effective Exchange Rate,20260623,201004,121.26
FX180110002,Real Effective Exchange Rate,CY 2020=100,MONTHLY,Effective Exchange Rate,20260623,201005,125.65
FX180110002,Real Effective Exchange Rate,CY 2020=100,MONTHLY,Effective Exchange Rate,20260623,201006,128.44
FX180110002,Real Effective Exchange Rate,CY 2020=100,MONTHLY,Effective Exchange Rate,20260623,201007,130.7
FX180110002,Real Effective Exchange Rate,CY 2020=100,MONTHLY,Effective Exchange Rate,20260623,201008,132.76
FX180110002,Real Effective Exchange Rate,CY 2020=100,MONTHLY,Effective Exchange Rate,20260623,201009,132.82
FX180110002,Real Effective Exchange Rate,CY 2020=100,MONTHLY,Effective Exchange Rate,20260623,201010,133.82
FX180110002,Real Effective Exchange Rate,CY 2020=100,MONTHLY,Effective Exchange Rate,20260623,201011,131.99
FX180110002,Real Effective Exchange Rate,CY 2020=100,MONTHLY,Effective Exchange Rate,20260623,201012,130.8
FX180110002,Real Effective Exchange Rate,CY 2020=100,MONTHLY,Effective Exchange Rate,20260623,201101,130.01
FX180110002,Real Effective Exchange Rate,CY 2020=100,MONTHLY,Effective Exchange Rate,20260623,201102,128.3
FX180110002,Real Effective Exchange Rate,CY 2020=100,MONTHLY,Effective Exchange Rate,20260623,201103,128.7
FX180110002,Real Effective Exchange Rate,CY 2020=100,MONTHLY,Effective Exchange Rate,20260623,201104,124.02
FX180110002,Real Effective Exchange Rate,CY 2020=100,MONTHLY,Effective Exchange Rate,20260623,201105,126.97
FX180110002,Real Effective Exchange Rate,CY 2020=100,MONTHLY,Effective Exchange Rate,20260623,201106,127.71
FX180110002,Real Effective Exchange Rate,CY 2020=100,MONTHLY,Effective Exchange Rate,20260623,201107,128.71
FX180110002,Real Effective Exchange Rate,CY 2020=100,MONTHLY,Effective Exchange Rate,20260623,201108,132.37
FX180110002,Real Effective Exchange Rate,CY 2020=100,MONTHLY,Effective Exchange Rate,20260623,201109,134.94
FX180110002,Real Effective Exchange Rate,CY 2020=100,MONTHLY,Effective Exchange Rate,20260623,201110,136.03
FX180110002,Real Effective Exchange Rate,CY 2020=100,MONTHLY,Effective Exchange Rate,20260623,201111,133.92
FX180110002,Real Effective Exchange Rate,CY 2020=100,MONTHLY,Effective Exchange Rate,20260623,201112,134.16
FX180110002,Real Effective Exchange Rate,CY 2020=100,MONTHLY,Effective Exchange Rate,20260623,201201,135.12
FX180110002,Real Effective Exchange Rate,CY 2020=100,MONTHLY,Effective Exchange Rate,20260623,201202,130.77
FX180110002,Real Effective Exchange Rate,CY 2020=100,MONTHLY,Effective Exchange Rate,20260623,201203,124.69
FX180110002,Real Effective Exchange Rate,CY 2020=100,MONTHLY,Effective Exchange Rate,20260623,201204,126.56
FX180110002,Real Effective Exchange Rate,CY 2020=100,MONTHLY,Effective Exchange Rate,20260623,201205,130.35
FX180110002,Real Effective Exchange Rate,CY 2020=100,MONTHLY,Effective Exchange Rate,20260623,201206,132.06
FX180110002,Real Effective Exchange Rate,CY 2020=100,MONTHLY,Effective Exchange Rate,20260623,201207,132.01
FX180110002,Real Effective Exchange Rate,CY 2020=100,MONTHLY,Effective Exchange Rate,20260623,201208,131.49
FX180110002,Real Effective Exchange Rate,CY 2020=100,MONTHLY,Effective Exchange Rate,20260623,201209,130.48
FX180110002,Real Effective Exchange Rate,CY 2020=100,MONTHLY,Effective Exchange Rate,20260623,201210,128.26
FX180110002,Real Effective Exchange Rate,CY 2020=100,MONTHLY,Effective Exchange Rate,20260623,201211,124.72
FX180110002,Real Effective Exchange Rate,CY 2020=100,MONTHLY,Effective Exchange Rate,20260623,201212,119.72
FX180110002,Real Effective Exchange Rate,CY 2020=100,MONTHLY,Effective Exchange Rate,20260623,201301,111.83
FX180110002,Real Effective Exchange Rate,CY 2020=100,MONTHLY,Effective Exchange Rate,20260623,201302,106.2
FX180110002,Real Effective Exchange Rate,CY 2020=100,MONTHLY,Effective Exchange Rate,20260623,201303,105.27
FX180110002,Real Effective Exchange Rate,CY 2020=100,MONTHLY,Effective Exchange Rate,20260623,201304,101.95
FX180110002,Real Effective Exchange Rate,CY 2020=100,MONTHLY,Effective Exchange Rate,20260623,201305,99.05
FX180110002,Real Effective Exchange Rate,CY 2020=100,MONTHLY,Effective Exchange Rate,20260623,201306,103.22
FX180110002,Real Effective Exchange Rate,CY 2020=100,MONTHLY,Effective Exchange Rate,20260623,201307,101.3
FX180110002,Real Effective Exchange Rate,CY 2020=100,MONTHLY,Effective Exchange Rate,20260623,201308,103.16
FX180110002,Real Effective Exchange Rate,CY 2020=100,MONTHLY,Effective Exchange Rate,20260623,201309,101.34
FX180110002,Real Effective Exchange Rate,CY 2020=100,MONTHLY,Effective Exchange Rate,20260623,201310,101.91
FX180110002,Real Effective Exchange Rate,CY 2020=100,MONTHLY,Effective Exchange Rate,20260623,201311,100.09
FX180110002,Real Effective Exchange Rate,CY 2020=100,MONTHLY,Effective Exchange Rate,20260623,201312,96.64
FX180110002,Real Effective Exchange Rate,CY 2020=100,MONTHLY,Effective Exchange Rate,20260623,201401,96.24
FX180110002,Real Effective Exchange Rate,CY 2020=100,MONTHLY,Effective Exchange Rate,20260623,201402,97.81
FX180110002,Real Effective Exchange Rate,CY 2020=100,MONTHLY,Effective Exchange Rate,20260623,201403,97.66
FX180110002,Real Effective Exchange Rate,CY 2020=100,MONTHLY,Effective Exchange Rate,20260623,201404,99.36
FX180110002,Real Effective Exchange Rate,CY 2020=100,MONTHLY,Effective Exchange Rate,20260623,201405,100.23
FX180110002,Real Effective Exchange Rate,CY 2020=100,MONTHLY,Effective Exchange Rate,20260623,201406,99.95
FX180110002,Real Effective Exchange Rate,CY 2020=100,MONTHLY,Effective Exchange Rate,20260623,201407,100.12
FX180110002,Real Effective Exchange Rate,CY 2020=100,MONTHLY,Effective Exchange Rate,20260623,201408,99.31
FX180110002,Real Effective Exchange Rate,CY 2020=100,MONTHLY,Effective Exchange Rate,20260623,201409,96.06
FX180110002,Real Effective Exchange Rate,CY 2020=100,MONTHLY,Effective Exchange Rate,20260623,201410,95.93
FX180110002,Real Effective Exchange Rate,CY 2020=100,MONTHLY,Effective Exchange Rate,20260623,201411,89.75
FX180110002,Real Effective Exchange Rate,CY 2020=100,MONTHLY,Effective Exchange Rate,20260623,201412,88.59
FX180110002,Real Effective Exchange Rate,CY 2020=100,MONTHLY,Effective Exchange Rate,20260623,201501,90.71
FX180110002,Real Effective Exchange Rate,CY 2020=100,MONTHLY,Effective Exchange Rate,20260623,201502,90.37
FX180110002,Real Effective Exchange Rate,CY 2020=100,MONTHLY,Effective Exchange Rate,20260623,201503,90.19
FX180110002,Real Effective Exchange Rate,CY 2020=100,MONTHLY,Effective Exchange Rate,20260623,201504,90.56
FX180110002,Real Effective Exchange Rate,CY 2020=100,MONTHLY,Effective Exchange Rate,20260623,201505,89.25
FX180110002,Real Effective Exchange Rate,CY 2020=100,MONTHLY,Effective Exchange Rate,20260623,201506,87.16
FX180110002,Real Effective Exchange Rate,CY 2020=100,MONTHLY,Effective Exchange Rate,20260623,201507,88.07
FX180110002,Real Effective Exchange Rate,CY 2020=100,MONTHLY,Effective Exchange Rate,20260623,201508,89.62
FX180110002,Real Effective Exchange Rate,CY 2020=100,MONTHLY,Effective Exchange Rate,20260623,201509,92.52
FX180110002,Real Effective Exchange Rate,CY 2020=100,MONTHLY,Effective Exchange Rate,20260623,201510,91.98
FX180110002,Real Effective Exchange Rate,CY 2020=100,MONTHLY,Effective Exchange Rate,20260623,201511,90.76
FX180110002,Real Effective Exchange Rate,CY 2020=100,MONTHLY,Effective Exchange Rate,20260623,201512,91.92
FX180110002,Real Effective Exchange Rate,CY 2020=100,MONTHLY,Effective Exchange Rate,20260623,201601,95.59
FX180110002,Real Effective Exchange Rate,CY 2020=100,MONTHLY,Effective Exchange Rate,20260623,201602,97.16
FX180110002,Real Effective Exchange Rate,CY 2020=100,MONTHLY,Effective Exchange Rate,20260623,201603,97.69
FX180110002,Real Effective Exchange Rate,CY 2020=100,MONTHLY,Effective Exchange Rate,20260623,201604,99.69
FX180110002,Real Effective Exchange Rate,CY 2020=100,MONTHLY,Effective Exchange Rate,20260623,201605,101.22
FX180110002,Real Effective Exchange Rate,CY 2020=100,MONTHLY,Effective Exchange Rate,20260623,201606,104.61
FX180110002,Real Effective Exchange Rate,CY 2020=100,MONTHLY,Effective Exchange Rate,20260623,201607,106.24
FX180110002,Real Effective Exchange Rate,CY 2020=100,MONTHLY,Effective Exchange Rate,20260623,201608,108.42
FX180110002,Real Effective Exchange Rate,CY 2020=100,MONTHLY,Effective Exchange Rate,20260623,201609,107.72
FX180110002,Real Effective Exchange Rate,CY 2020=100,MONTHLY,Effective Exchange Rate,20260623,201610,107.1
FX180110002,Real Effective Exchange Rate,CY 2020=100,MONTHLY,Effective Exchange Rate,20260623,201611,104.19
FX180110002,Real Effective Exchange Rate,CY 2020=100,MONTHLY,Effective Exchange Rate,20260623,201612,97.92
FX180110002,Real Effective Exchange Rate,CY 2020=100,MONTHLY,Effective Exchange Rate,20260623,201701,97.91
FX180110002,Real Effective Exchange Rate,CY 2020=100,MONTHLY,Effective Exchange Rate,20260623,201702,98.59
FX180110002,Real Effective Exchange Rate,CY 2020=100,MONTHLY,Effective Exchange Rate,20260623,201703,98.49
FX180110002,Real Effective Exchange Rate,CY 2020=100,MONTHLY,Effective Exchange Rate,20260623,201704,100.91
FX180110002,Real Effective Exchange Rate,CY 2020=100,MONTHLY,Effective Exchange Rate,20260623,201705,98.5
FX180110002,Real Effective Exchange Rate,CY 2020=100,MONTHLY,Effective Exchange Rate,20260623,201706,98.74
FX180110002,Real Effective Exchange Rate,CY 2020=100,MONTHLY,Effective Exchange Rate,20260623,201707,96.53
FX180110002,Real Effective Exchange Rate,CY 2020=100,MONTHLY,Effective Exchange Rate,20260623,201708,97.71
FX180110002,Real Effective Exchange Rate,CY 2020=100,MONTHLY,Effective Exchange Rate,20260623,201709,96.05
FX180110002,Real Effective Exchange Rate,CY 2020=100,MONTHLY,Effective Exchange Rate,20260623,201710,94.85
FX180110002,Real Effective Exchange Rate,CY 2020=100,MONTHLY,Effective Exchange Rate,20260623,201711,95.06
FX180110002,Real Effective Exchange Rate,CY 2020=100,MONTHLY,Effective Exchange Rate,20260623,201712,94.48
FX180110002,Real Effective Exchange Rate,CY 2020=100,MONTHLY,Effective Exchange Rate,20260623,201801,94.24
FX180110002,Real Effective Exchange Rate,CY 2020=100,MONTHLY,Effective Exchange Rate,20260623,201802,95.42
FX180110002,Real Effective Exchange Rate,CY 2020=100,MONTHLY,Effective Exchange Rate,20260623,201803,97.13
FX180110002,Real Effective Exchange Rate,CY 2020=100,MONTHLY,Effective Exchange Rate,20260623,201804,95.66
FX180110002,Real Effective Exchange Rate,CY 2020=100,MONTHLY,Effective Exchange Rate,20260623,201805,95.49
FX180110002,Real Effective Exchange Rate,CY 2020=100,MONTHLY,Effective Exchange Rate,20260623,201806,96.05
FX180110002,Real Effective Exchange Rate,CY 2020=100,MONTHLY,Effective Exchange Rate,20260623,201807,96.3
FX180110002,Real Effective Exchange Rate,CY 2020=100,MONTHLY,Effective Exchange Rate,20260623,201808,97.98
FX180110002,Real Effective Exchange Rate,CY 2020=100,MONTHLY,Effective Exchange Rate,20260623,201809,96.91
FX180110002,Real Effective Exchange Rate,CY 2020=100,MONTHLY,Effective Exchange Rate,20260623,201810,96.91
FX180110002,Real Effective Exchange Rate,CY 2020=100,MONTHLY,Effective Exchange Rate,20260623,201811,96.74
FX180110002,Real Effective Exchange Rate,CY 2020=100,MONTHLY,Effective Exchange Rate,20260623,201812,97.22
FX180110002,Real Effective Exchange Rate,CY 2020=100,MONTHLY,Effective Exchange Rate,20260623,201901,99.32
FX180110002,Real Effective Exchange Rate,CY 2020=100,MONTHLY,Effective Exchange Rate,20260623,201902,97.04
FX180110002,Real Effective Exchange Rate,CY 2020=100,MONTHLY,Effective Exchange Rate,20260623,201903,96.34
FX180110002,Real Effective Exchange Rate,CY 2020=100,MONTHLY,Effective Exchange Rate,20260623,201904,96.13
FX180110002,Real Effective Exchange Rate,CY 2020=100,MONTHLY,Effective Exchange Rate,20260623,201905,98.63
FX180110002,Real Effective Exchange Rate,CY 2020=100,MONTHLY,Effective Exchange Rate,20260623,201906,99.91
FX180110002,Real Effective Exchange Rate,CY 2020=100,MONTHLY,Effective Exchange Rate,20260623,201907,99.45
FX180110002,Real Effective Exchange Rate,CY 2020=100,MONTHLY,Effective Exchange Rate,20260623,201908,103
FX180110002,Real Effective Exchange Rate,CY 2020=100,MONTHLY,Effective Exchange Rate,20260623,201909,101.78
FX180110002,Real Effective Exchange Rate,CY 2020=100,MONTHLY,Effective Exchange Rate,20260623,201910,100.61
FX180110002,Real Effective Exchange Rate,CY 2020=100,MONTHLY,Effective Exchange Rate,20260623,201911,99.32
FX180110002,Real Effective Exchange Rate,CY 2020=100,MONTHLY,Effective Exchange Rate,20260623,201912,98.68
FX180110002,Real Effective Exchange Rate,CY 2020=100,MONTHLY,Effective Exchange Rate,20260623,202001,97.52
FX180110002,Real Effective Exchange Rate,CY 2020=100,MONTHLY,Effective Exchange Rate,20260623,202002,97.45
FX180110002,Real Effective Exchange Rate,CY 2020=100,MONTHLY,Effective Exchange Rate,20260623,202003,101.6
FX180110002,Real Effective Exchange Rate,CY 2020=100,MONTHLY,Effective Exchange Rate,20260623,202004,103.14
FX180110002,Real Effective Exchange Rate,CY 2020=100,MONTHLY,Effective Exchange Rate,20260623,202005,103.62
FX180110002,Real Effective Exchange Rate,CY 2020=100,MONTHLY,Effective Exchange Rate,20260623,202006,101.07
FX180110002,Real Effective Exchange Rate,CY 2020=100,MONTHLY,Effective Exchange Rate,20260623,202007,100.76
FX180110002,Real Effective Exchange Rate,CY 2020=100,MONTHLY,Effective Exchange Rate,20260623,202008,100.15
FX180110002,Real Effective Exchange Rate,CY 2020=100,MONTHLY,Effective Exchange Rate,20260623,202009,99.68
FX180110002,Real Effective Exchange Rate,CY 2020=100,MONTHLY,Effective Exchange Rate,20260623,202010,99.28
FX180110002,Real Effective Exchange Rate,CY 2020=100,MONTHLY,Effective Exchange Rate,20260623,202011,98.54
FX180110002,Real Effective Exchange Rate,CY 2020=100,MONTHLY,Effective Exchange Rate,20260623,202012,97.17
FX180110002,Real Effective Exchange Rate,CY 2020=100,MONTHLY,Effective Exchange Rate,20260623,202101,96.73
FX180110002,Real Effective Exchange Rate,CY 2020=100,MONTHLY,Effective Exchange Rate,20260623,202102,94.64
FX180110002,Real Effective Exchange Rate,CY 2020=100,MONTHLY,Effective Exchange Rate,20260623,202103,92.94
FX180110002,Real Effective Exchange Rate,CY 2020=100,MONTHLY,Effective Exchange Rate,20260623,202104,91.69
FX180110002,Real Effective Exchange Rate,CY 2020=100,MONTHLY,Effective Exchange Rate,20260623,202105,90.85
FX180110002,Real Effective Exchange Rate,CY 2020=100,MONTHLY,Effective Exchange Rate,20260623,202106,90.08
FX180110002,Real Effective Exchange Rate,CY 2020=100,MONTHLY,Effective Exchange Rate,20260623,202107,91.05
FX180110002,Real Effective Exchange Rate,CY 2020=100,MONTHLY,Effective Exchange Rate,20260623,202108,91.34
FX180110002,Real Effective Exchange Rate,CY 2020=100,MONTHLY,Effective Exchange Rate,20260623,202109,91.02
FX180110002,Real Effective Exchange Rate,CY 2020=100,MONTHLY,Effective Exchange Rate,20260623,202110,88.18
FX180110002,Real Effective Exchange Rate,CY 2020=100,MONTHLY,Effective Exchange Rate,20260623,202111,87.58
FX180110002,Real Effective Exchange Rate,CY 2020=100,MONTHLY,Effective Exchange Rate,20260623,202112,87.76
FX180110002,Real Effective Exchange Rate,CY 2020=100,MONTHLY,Effective Exchange Rate,20260623,202201,86.6
FX180110002,Real Effective Exchange Rate,CY 2020=100,MONTHLY,Effective Exchange Rate,20260623,202202,85.82
FX180110002,Real Effective Exchange Rate,CY 2020=100,MONTHLY,Effective Exchange Rate,20260623,202203,84.09
FX180110002,Real Effective Exchange Rate,CY 2020=100,MONTHLY,Effective Exchange Rate,20260623,202204,79.52
FX180110002,Real Effective Exchange Rate,CY 2020=100,MONTHLY,Effective Exchange Rate,20260623,202205,79.93
FX180110002,Real Effective Exchange Rate,CY 2020=100,MONTHLY,Effective Exchange Rate,20260623,202206,76.47
FX180110002,Real Effective Exchange Rate,CY 2020=100,MONTHLY,Effective Exchange Rate,20260623,202207,76.24
FX180110002,Real Effective Exchange Rate,CY 2020=100,MONTHLY,Effective Exchange Rate,20260623,202208,77.6
FX180110002,Real Effective Exchange Rate,CY 2020=100,MONTHLY,Effective Exchange Rate,20260623,202209,75.27
FX180110002,Real Effective Exchange Rate,CY 2020=100,MONTHLY,Effective Exchange Rate,20260623,202210,74.55
FX180110002,Real Effective Exchange Rate,CY 2020=100,MONTHLY,Effective Exchange Rate,20260623,202211,75.94
FX180110002,Real Effective Exchange Rate,CY 2020=100,MONTHLY,Effective Exchange Rate,20260623,202212,78.19
FX180110002,Real Effective Exchange Rate,CY 2020=100,MONTHLY,Effective Exchange Rate,20260623,202301,79.37
FX180110002,Real Effective Exchange Rate,CY 2020=100,MONTHLY,Effective Exchange Rate,20260623,202302,77.61
FX180110002,Real Effective Exchange Rate,CY 2020=100,MONTHLY,Effective Exchange Rate,20260623,202303,77.98
FX180110002,Real Effective Exchange Rate,CY 2020=100,MONTHLY,Effective Exchange Rate,20260623,202304,77.99
FX180110002,Real Effective Exchange Rate,CY 2020=100,MONTHLY,Effective Exchange Rate,20260623,202305,76.6
FX180110002,Real Effective Exchange Rate,CY 2020=100,MONTHLY,Effective Exchange Rate,20260623,202306,75.04
FX180110002,Real Effective Exchange Rate,CY 2020=100,MONTHLY,Effective Exchange Rate,20260623,202307,75.05
FX180110002,Real Effective Exchange Rate,CY 2020=100,MONTHLY,Effective Exchange Rate,20260623,202308,73.79
FX180110002,Real Effective Exchange Rate,CY 2020=100,MONTHLY,Effective Exchange Rate,20260623,202309,73.13
FX180110002,Real Effective Exchange Rate,CY 2020=100,MONTHLY,Effective Exchange Rate,20260623,202310,73.28
FX180110002,Real Effective Exchange Rate,CY 2020=100,MONTHLY,Effective Exchange Rate,20260623,202311,72.15
FX180110002,Real Effective Exchange Rate,CY 2020=100,MONTHLY,Effective Exchange Rate,20260623,202312,74.03
FX180110002,Real Effective Exchange Rate,CY 2020=100,MONTHLY,Effective Exchange Rate,20260623,202401,73.22
FX180110002,Real Effective Exchange Rate,CY 2020=100,MONTHLY,Effective Exchange Rate,20260623,202402,71.36
FX180110002,Real Effective Exchange Rate,CY 2020=100,MONTHLY,Effective Exchange Rate,20260623,202403,71.54
FX180110002,Real Effective Exchange Rate,CY 2020=100,MONTHLY,Effective Exchange Rate,20260623,202404,70.67
FX180110002,Real Effective Exchange Rate,CY 2020=100,MONTHLY,Effective Exchange Rate,20260623,202405,69.65
FX180110002,Real Effective Exchange Rate,CY 2020=100,MONTHLY,Effective Exchange Rate,20260623,202406,69.05
FX180110002,Real Effective Exchange Rate,CY 2020=100,MONTHLY,Effective Exchange Rate,20260623,202407,68.94
FX180110002,Real Effective Exchange Rate,CY 2020=100,MONTHLY,Effective Exchange Rate,20260623,202408,73.39
FX180110002,Real Effective Exchange Rate,CY 2020=100,MONTHLY,Effective Exchange Rate,20260623,202409,73.92
FX180110002,Real Effective Exchange Rate,CY 2020=100,MONTHLY,Effective Exchange Rate,20260623,202410,71.7
FX180110002,Real Effective Exchange Rate,CY 2020=100,MONTHLY,Effective Exchange Rate,20260623,202411,71.66
FX180110002,Real Effective Exchange Rate,CY 2020=100,MONTHLY,Effective Exchange Rate,20260623,202412,72.4
FX180110002,Real Effective Exchange Rate,CY 2020=100,MONTHLY,Effective Exchange Rate,20260623,202501,71.92
FX180110002,Real Effective Exchange Rate,CY 2020=100,MONTHLY,Effective Exchange Rate,20260623,202502,73.14
FX180110002,Real Effective Exchange Rate,CY 2020=100,MONTHLY,Effective Exchange Rate,20260623,202503,73.97
FX180110002,Real Effective Exchange Rate,CY 2020=100,MONTHLY,Effective Exchange Rate,20260623,202504,76.31
FX180110002,Real Effective Exchange Rate,CY 2020=100,MONTHLY,Effective Exchange Rate,20260623,202505,74.9
FX180110002,Real Effective Exchange Rate,CY 2020=100,MONTHLY,Effective Exchange Rate,20260623,202506,74.03
FX180110002,Real Effective Exchange Rate,CY 2020=100,MONTHLY,Effective Exchange Rate,20260623,202507,72.49
FX180110002,Real Effective Exchange Rate,CY 2020=100,MONTHLY,Effective Exchange Rate,20260623,202508,72.41
FX180110002,Real Effective Exchange Rate,CY 2020=100,MONTHLY,Effective Exchange Rate,20260623,202509,71.79
FX180110002,Real Effective Exchange Rate,CY 2020=100,MONTHLY,Effective Exchange Rate,20260623,202510,70.81
FX180110002,Real Effective Exchange Rate,CY 2020=100,MONTHLY,Effective Exchange Rate,20260623,202511,69.66
FX180110002,Real Effective Exchange Rate,CY 2020=100,MONTHLY,Effective Exchange Rate,20260623,202512,68.46
FX180110002,Real Effective Exchange Rate,CY 2020=100,MONTHLY,Effective Exchange Rate,20260623,202601,67.71
FX180110002,Real Effective Exchange Rate,CY 2020=100,MONTHLY,Effective Exchange Rate,20260623,202602,66.84
FX180110002,Real Effective Exchange Rate,CY 2020=100,MONTHLY,Effective Exchange Rate,20260623,202603,66.31
FX180110002,Real Effective Exchange Rate,CY 2020=100,MONTHLY,Effective Exchange Rate,20260623,202604,65.62
FX180110002,Real Effective Exchange Rate,CY 2020=100,MONTHLY,Effective Exchange Rate,20260623,202605,65.93
